ADM2_PCODE,RP10_crops_30cm_km2,RP10_crops_30cm_areapct,RP10_crops_30cm_croppct,RP10_female_pop_30cm,RP10_children_u5_30cm,RP10_female_u5_30cm,RP10_elderly_30cm,RP10_pop_u15_30cm,RP10_female_u15_30cm,RP10_wra_pop_30cm,RP10_dependency_ratio_30cm,RP10_education_30cm_pct,RP10_education_30cm_count,RP10_hospitals_30cm_pct,RP10_hospitals_30cm_count,RP10_primary_healthcare_30cm_pct,RP10_primary_healthcare_30cm_count,RP50_crops_30cm_km2,RP50_crops_30cm_areapct,RP50_crops_30cm_croppct,RP50_female_pop_30cm,RP50_children_u5_30cm,RP50_female_u5_30cm,RP50_elderly_30cm,RP50_pop_u15_30cm,RP50_female_u15_30cm,RP50_wra_pop_30cm,RP50_dependency_ratio_30cm,RP50_education_30cm_pct,RP50_education_30cm_count,RP50_hospitals_30cm_pct,RP50_hospitals_30cm_count,RP50_primary_healthcare_30cm_pct,RP50_primary_healthcare_30cm_count,RP100_crops_30cm_km2,RP100_crops_30cm_areapct,RP100_crops_30cm_croppct,RP100_female_pop_30cm,RP100_children_u5_30cm,RP100_female_u5_30cm,RP100_elderly_30cm,RP100_pop_u15_30cm,RP100_female_u15_30cm,RP100_wra_pop_30cm,RP100_dependency_ratio_30cm,RP100_education_30cm_pct,RP100_education_30cm_count,RP100_hospitals_30cm_pct,RP100_hospitals_30cm_count,RP100_primary_healthcare_30cm_pct,RP100_primary_healthcare_30cm_count,RP500_crops_30cm_km2,RP500_crops_30cm_areapct,RP500_crops_30cm_croppct,RP500_female_pop_30cm,RP500_children_u5_30cm,RP500_female_u5_30cm,RP500_elderly_30cm,RP500_pop_u15_30cm,RP500_female_u15_30cm,RP500_wra_pop_30cm,RP500_dependency_ratio_30cm,RP500_education_30cm_pct,RP500_education_30cm_count,RP500_hospitals_30cm_pct,RP500_hospitals_30cm_count,RP500_primary_healthcare_30cm_pct,RP500_primary_healthcare_30cm_count
KE027144,0.0,0.0,0.0,452,103,51,23,280,140,266,50.51,0,0,0,0,0,0,0.0,0.0,0.0,452,103,51,23,280,140,266,50.51,0,0,0,0,0,0,0.0,0.0,0.0,452,103,51,23,280,140,266,50.51,0,0,0,0,0,0,0.0,0.0,0.0,452,103,51,23,280,140,266,50.51,0,0,0,0,0,0
KE035190,0.0,0.0,0.0,104,22,11,6,67,33,59,53.65,0,0,0,0,0,0,0.0,0.0,0.0,104,22,11,6,67,33,59,53.65,0,0,0,0,0,0,0.0,0.0,0.0,104,22,11,6,67,33,59,53.65,0,0,0,0,0,0,0.0,0.0,0.0,104,22,11,6,67,33,59,53.65,0,0,0,0,0,0
KE029152,0.0,0.0,0.0,0,0,0,0,0,0,0,0,0,0,0,0,0,0,0.0,0.0,0.0,0,0,0,0,0,0,0,0,0,0,0,0,0,0,0.0,0.0,0.0,0,0,0,0,0,0,0,0,0,0,0,0,0,0,0.0,0.0,0.0,0,0,0,0,0,0,0,0,0,0,0,0,0,0
KE041234,0.0,0.0,0.0,4086,915,452,416,2830,1412,1954,72.36,0,0,0,0,0,0,0.0,0.0,0.0,5232,1173,578,535,3622,1807,2501,72.38,0,0,0,0,0,0,0.0,0.0,0.0,5319,1192,588,544,3682,1837,2543,72.39,0,0,0,0,0,0,0.0,0.0,0.0,5910,1324,653,606,4090,2041,2824,72.44,0,0,0,0,0,0
KE044254,0.0,0.0,0.0,264,66,33,15,198,100,135,72.86,0,0,0,0,0,0,0.0,0.0,0.0,264,66,33,15,198,100,135,72.86,0,0,0,0,0,0,0.0,0.0,0.0,264,66,33,15,198,100,135,72.86,0,0,0,0,0,0,0.0,0.0,0.0,264,66,33,15,198,100,135,72.86,0,0,0,0,0,0
KE032174,0.0,0.0,0.0,0,0,0,0,0,0,0,0,0,0,0,0,0,0,0.0,0.0,0.0,0,0,0,0,0,0,0,0,0,0,0,0,0,0,0.0,0.0,0.0,0,0,0,0,0,0,0,0,0,0,0,0,0,0,0.0,0.0,0.0,0,0,0,0,0,0,0,0,0,0,0,0,0,0
KE007028,0.0,0.0,0.0,1250,368,181,41,1115,532,638,81.19,0,0,0,0,0,0,0.0,0.0,0.0,1268,373,184,42,1131,540,647,81.19,0,0,0,0,0,0,0.0,0.0,0.0,1268,373,184,42,1131,540,647,81.19,0,0,0,0,0,0,0.0,0.0,0.0,1270,374,184,42,1133,541,648,81.19,0,0,0,0,0,0
KE009040,0.0,0.0,0.0,2678,1109,585,49,2859,1433,1159,112.55,0,0,0,0,0,0,0.0,0.0,0.0,2679,1109,585,49,2860,1433,1160,112.55,0,0,0,0,0,0,0.0,0.0,0.0,4467,1849,975,81,4767,2384,1939,111.95,0,0,0,0,0,0,0.0,0.0,0.0,4467,1849,975,81,4767,2384,1940,111.95,0,0,0,0,0,0
KE030159,0.0,0.0,0.0,0,0,0,0,0,0,0,0,0,0,0,0,0,0,0.0,0.0,0.0,0,0,0,0,0,0,0,0,0,0,0,0,0,0,0.0,0.0,0.0,0,0,0,0,0,0,0,0,0,0,0,0,0,0,0.0,0.0,0.0,0,0,0,0,0,0,0,0,0,0,0,0,0,0
KE030158,0.0,0.0,0.0,33,9,4,3,26,13,15,80.15,0,0,0,0,0,0,0.0,0.0,0.0,53,14,7,5,42,20,25,80.33,0,0,0,0,0,0,0.0,0.0,0.0,56,15,7,6,44,21,26,80.35,0,0,0,0,0,0,0.0,0.0,0.0,56,15,7,6,44,21,26,80.36,0,0,0,0,0,0
KE030160,0.0,0.0,0.0,4292,1370,672,244,3702,1813,2034,83.86,8,6,0,0,0,0,0.0,0.0,0.0,4717,1506,739,268,4069,1993,2235,83.86,8,6,0,0,0,0,0.0,0.0,0.0,5125,1636,803,291,4420,2165,2428,83.85,8,6,0,0,0,0,0.0,0.0,0.0,5640,1801,884,321,4864,2383,2672,83.85,10,8,0,0,0,0
KE035192,0.0,0.0,0.0,61,13,6,4,39,20,35,54.03,0,0,0,0,0,0,0.0,0.0,0.0,208,44,22,13,135,67,117,54.9,0,0,0,0,0,0,0.0,0.0,0.0,208,44,22,13,135,67,117,54.9,0,0,0,0,0,0,0.0,0.0,0.0,208,44,22,13,135,67,117,54.9,0,0,0,0,0,0
KE045264,0.0,0.0,0.0,0,0,0,0,0,0,0,0,0,0,0,0,0,0,0.0,0.0,0.0,0,0,0,0,0,0,0,0,0,0,0,0,0,0,0.0,0.0,0.0,0,0,0,0,0,0,0,0,0,0,0,0,0,0,0.0,0.0,0.0,0,0,0,0,0,0,0,0,0,0,0,0,0,0
KE045263,0.0,0.0,0.0,0,0,0,0,0,0,0,0,0,0,0,0,0,0,0.0,0.0,0.0,0,0,0,0,0,0,0,0,0,0,0,0,0,0,0.0,0.0,0.0,0,0,0,0,0,0,0,0,0,0,0,0,0,0,0.0,0.0,0.0,0,0,0,0,0,0,0,0,0,0,0,0,0,0
KE045265,0.0,0.0,0.0,1929,402,198,135,1350,673,1001,68.29,0,0,0,0,0,0,0.0,0.0,0.0,1929,402,198,135,1350,673,1001,68.29,0,0,0,0,0,0,0.0,0.0,0.0,1929,402,198,135,1350,673,1001,68.29,0,0,0,0,0,0,0.0,0.0,0.0,1929,402,198,135,1350,673,1001,68.29,0,0,0,0,0,0
KE036197,0.0,0.0,0.0,0,0,0,0,0,0,0,0,0,0,0,0,0,0,0.0,0.0,0.0,0,0,0,0,0,0,0,0,0,0,0,0,0,0,0.0,0.0,0.0,0,0,0,0,0,0,0,0,0,0,0,0,0,0,0.0,0.0,0.0,0,0,0,0,0,0,0,0,0,0,0,0,0,0
KE036196,0.0,0.0,0.0,0,0,0,0,0,0,0,0,0,0,0,0,0,0,0.0,0.0,0.0,0,0,0,0,0,0,0,0,0,0,0,0,0,0,0.0,0.0,0.0,0,0,0,0,0,0,0,0,0,0,0,0,0,0,0.0,0.0,0.0,0,0,0,0,0,0,0,0,0,0,0,0,0,0
KE045261,0.0,0.0,0.0,0,0,0,0,0,0,0,0,0,0,0,0,0,0,0.0,0.0,0.0,0,0,0,0,0,0,0,0,0,0,0,0,0,0,0.0,0.0,0.0,0,0,0,0,0,0,0,0,0,0,0,0,0,0,0.0,0.0,0.0,0,0,0,0,0,0,0,0,0,0,0,0,0,0
KE041236,0.0,0.0,0.0,1656,400,200,118,1171,588,853,67.04,0,0,0,0,0,0,0.0,0.0,0.0,2258,546,273,161,1597,802,1165,66.99,0,0,0,0,0,0,0.0,0.0,0.0,2258,546,273,161,1597,802,1165,66.99,0,0,0,0,0,0,0.0,0.0,0.0,2258,546,273,161,1597,802,1165,66.99,0,0,0,0,0,0
KE046273,0.0,0.0,0.0,0,0,0,0,0,0,0,0,0,0,0,0,0,0,0.0,0.0,0.0,0,0,0,0,0,0,0,0,0,0,0,0,0,0,0.0,0.0,0.0,0,0,0,0,0,0,0,0,0,0,0,0,0,0,0.0,0.0,0.0,0,0,0,0,0,0,0,0,0,0,0,0,0,0
KE040231,0.0,0.0,0.0,16088,3657,1822,1193,11508,5765,7938,69.0,32,21,20,1,0,0,0.0,0.0,0.0,19735,4486,2235,1462,14118,7072,9738,69.0,33,22,20,1,0,0,0.0,0.0,0.0,20219,4596,2290,1499,14464,7246,9977,69.0,36,24,20,1,0,0,0.0,0.0,0.0,22143,5035,2508,1643,15839,7935,10922,69.03,38,25,20,1,0,0
KE039219,0.0,0.0,0.0,0,0,0,0,0,0,0,0,0,0,0,0,0,0,0.0,0.0,0.0,0,0,0,0,0,0,0,0,0,0,0,0,0,0,0.0,0.0,0.0,0,0,0,0,0,0,0,0,0,0,0,0,0,0,0.0,0.0,0.0,0,0,0,0,0,0,0,0,0,0,0,0,0,0
KE004020,0.0,0.0,0.0,28599,9205,4466,1263,25502,12237,13964,83.66,20,9,0,0,0,0,0.0,0.0,0.0,35374,11330,5493,1534,31605,15130,17332,83.46,24,11,0,0,0,0,0.0,0.0,0.0,40556,13001,6260,1732,36557,17340,19944,83.26,24,11,20,1,0,0,0.0,0.0,0.0,43312,13872,6667,1836,39142,18515,21335,83.17,24,11,20,1,0,0
KE035191,0.0,0.0,0.0,834,185,92,52,560,280,461,58.2,0,0,0,0,0,0,0.0,0.0,0.0,834,185,92,52,560,280,461,58.2,0,0,0,0,0,0,0.0,0.0,0.0,834,185,92,52,560,280,461,58.2,0,0,0,0,0,0,0.0,0.0,0.0,834,185,92,52,560,280,461,58.2,0,0,0,0,0,0
KE037207,0.0,0.0,0.0,352,80,40,25,259,130,172,73.03,0,0,0,0,0,0,0.0,0.0,0.0,352,80,40,25,259,130,172,73.03,0,0,0,0,0,0,0.0,0.0,0.0,352,80,40,25,259,130,172,73.03,0,0,0,0,0,0,0.0,0.0,0.0,352,80,40,25,259,130,172,73.03,0,0,0,0,0,0
KE040229,0.0,0.0,0.0,0,0,0,0,0,0,0,0,0,0,0,0,0,0,0.0,0.0,0.0,0,0,0,0,0,0,0,0,0,0,0,0,0,0,0.0,0.0,0.0,0,0,0,0,0,0,0,0,0,0,0,0,0,0,0.0,0.0,0.0,0,0,0,0,0,0,0,0,0,0,0,0,0,0
KE012057,0.0,0.0,0.0,48,9,5,3,26,13,28,43.79,0,0,0,0,0,0,0.0,0.0,0.0,48,9,5,3,26,13,28,43.79,0,0,0,0,0,0,0.0,0.0,0.0,48,9,5,3,26,13,28,43.79,0,0,0,0,0,0,0.0,0.0,0.0,48,9,5,3,26,13,28,43.79,0,0,0,0,0,0
KE012058,0.0,0.0,0.0,131,25,13,13,74,37,72,50.42,0,0,0,0,0,0,0.0,0.0,0.0,131,25,13,13,74,37,72,50.42,0,0,0,0,0,0,0.0,0.0,0.0,131,25,13,13,74,37,72,50.42,0,0,0,0,0,0,0.0,0.0,0.0,131,25,13,13,74,37,72,50.42,0,0,0,0,0,0
KE001001,0.0,0.0,0.0,336,84,41,8,209,104,211,45.84,0,0,0,0,0,0,0.0,0.0,0.0,336,84,41,8,209,104,211,45.84,0,0,0,0,0,0,0.0,0.0,0.0,336,84,41,8,209,104,211,45.84,0,0,0,0,0,0,0.0,0.0,0.0,336,84,41,8,209,104,211,45.84,0,0,0,0,0,0
KE036195,0.0,0.0,0.0,2627,643,316,161,1925,952,1391,66.92,0,0,0,0,0,0,0.0,0.0,0.0,2627,643,316,161,1925,952,1391,66.92,0,0,0,0,0,0,0.0,0.0,0.0,2627,643,316,161,1925,952,1391,66.92,0,0,0,0,0,0,0.0,0.0,0.0,3140,768,378,192,2298,1136,1663,66.77,0,0,0,0,0,0
KE026140,0.0,0.0,0.0,1211,295,144,82,899,444,609,69.51,0,0,0,0,0,0,0.0,0.0,0.0,1211,295,144,82,899,444,609,69.51,0,0,0,0,0,0,0.0,0.0,0.0,1291,315,153,88,959,473,650,69.52,0,0,0,0,0,0,0.0,0.0,0.0,1291,315,153,88,959,473,650,69.52,0,0,0,0,0,0
KE029154,0.0,0.0,0.0,359,79,40,22,230,114,201,54.67,0,0,0,0,0,0,0.0,0.0,0.0,359,79,40,22,230,114,201,54.67,0,0,0,0,0,0,0.0,0.0,0.0,359,79,40,22,230,114,201,54.67,0,0,0,0,0,0,0.0,0.0,0.0,359,79,40,22,230,114,201,54.67,0,0,0,0,0,0
KE007030,0.0,0.0,0.0,12916,4004,1893,429,12008,5510,6600,81.57,9,2,0,0,100,1,0.0,0.0,0.0,15880,4910,2322,530,14754,6772,8112,81.51,13,3,0,0,100,1,0.0,0.0,0.0,26474,8135,3856,892,24537,11282,13514,81.42,22,5,0,0,100,1,0.0,0.0,0.0,44068,13506,6409,1491,40800,18773,22488,81.38,26,6,0,0,100,1
KE047276,0.0,0.0,0.0,0,0,0,0,0,0,0,0,0,0,0,0,0,0,0.0,0.0,0.0,0,0,0,0,0,0,0,0,0,0,0,0,0,0,0.0,0.0,0.0,0,0,0,0,0,0,0,0,0,0,0,0,0,0,0.0,0.0,0.0,0,0,0,0,0,0,0,0,0,0,0,0,0,0
KE007027,0.0,0.0,0.0,23164,7415,3638,1033,20367,9916,11270,83.86,6,2,0,0,0,0,0.0,0.0,0.0,23164,7415,3638,1033,20367,9916,11270,83.86,11,4,0,0,0,0,0.0,0.0,0.0,23164,7415,3638,1033,20367,9916,11270,83.86,11,4,0,0,0,0,0.0,0.0,0.0,25949,8234,4042,1124,22849,11101,12690,83.57,17,6,0,0,0,0
KE030162,0.0,0.0,0.0,0,0,0,0,0,0,0,59.37,0,0,0,0,0,0,0.0,0.0,0.0,0,0,0,0,0,0,0,59.37,0,0,0,0,0,0,0.0,0.0,0.0,0,0,0,0,0,0,0,59.37,0,0,0,0,0,0,0.0,0.0,0.0,0,0,0,0,0,0,0,59.37,0,0,0,0,0,0
KE008037,0.0,0.0,0.0,484,154,82,11,467,236,228,88.75,0,0,0,0,0,0,0.0,0.0,0.0,688,220,117,16,665,333,327,87.66,0,0,0,0,0,0,0.0,0.0,0.0,709,227,121,16,686,343,337,87.61,0,0,0,0,0,0,0.0,0.0,0.0,730,233,125,16,705,354,345,88.18,0,0,0,0,0,0
KE047284,0.0,0.0,0.0,0,0,0,0,0,0,0,0,0,0,0,0,0,0,0.0,0.0,0.0,0,0,0,0,0,0,0,0,0,0,0,0,0,0,0.0,0.0,0.0,0,0,0,0,0,0,0,0,0,0,0,0,0,0,0.0,0.0,0.0,0,0,0,0,0,0,0,0,0,0,0,0,0,0
KE047285,0.0,0.0,0.0,0,0,0,0,0,0,0,0,0,0,0,0,0,0,0.0,0.0,0.0,0,0,0,0,0,0,0,0,0,0,0,0,0,0,0.0,0.0,0.0,0,0,0,0,0,0,0,0,0,0,0,0,0,0,0.0,0.0,0.0,0,0,0,0,0,0,0,0,0,0,0,0,0,0
KE047283,0.0,0.0,0.0,0,0,0,0,0,0,0,0,0,0,0,0,0,0,0.0,0.0,0.0,0,0,0,0,0,0,0,0,0,0,0,0,0,0,0.0,0.0,0.0,0,0,0,0,0,0,0,0,0,0,0,0,0,0,0.0,0.0,0.0,0,0,0,0,0,0,0,0,0,0,0,0,0,0
KE047282,0.0,0.0,0.0,0,0,0,0,0,0,0,0,0,0,0,0,0,0,0.0,0.0,0.0,0,0,0,0,0,0,0,0,0,0,0,0,0,0,0.0,0.0,0.0,0,0,0,0,0,0,0,0,0,0,0,0,0,0,0.0,0.0,0.0,0,0,0,0,0,0,0,0,0,0,0,0,0,0
KE047286,0.0,0.0,0.0,0,0,0,0,0,0,0,0,0,0,0,0,0,0,0.0,0.0,0.0,0,0,0,0,0,0,0,0,0,0,0,0,0,0,0.0,0.0,0.0,0,0,0,0,0,0,0,0,0,0,0,0,0,0,0.0,0.0,0.0,0,0,0,0,0,0,0,0,0,0,0,0,0,0
KE029155,0.0,0.0,0.0,217,48,24,15,145,72,118,58.32,0,0,0,0,0,0,0.0,0.0,0.0,695,155,77,47,463,230,377,58.32,0,0,0,0,0,0,0.0,0.0,0.0,695,155,77,47,463,230,377,58.32,0,0,0,0,0,0,0.0,0.0,0.0,695,155,77,47,463,230,377,58.32,0,0,0,0,0,0
KE038215,0.0,0.0,0.0,0,0,0,0,0,0,0,0,0,0,0,0,0,0,0.0,0.0,0.0,0,0,0,0,0,0,0,0,0,0,0,0,0,0,0.0,0.0,0.0,0,0,0,0,0,0,0,0,0,0,0,0,0,0,0.0,0.0,0.0,0,0,0,0,0,0,0,0,0,0,0,0,0,0
KE033178,0.0,0.0,0.0,0,0,0,0,0,0,0,0,0,0,0,0,0,0,0.0,0.0,0.0,0,0,0,0,0,0,0,0,0,0,0,0,0,0,0.0,0.0,0.0,0,0,0,0,0,0,0,0,0,0,0,0,0,0,0.0,0.0,0.0,0,0,0,0,0,0,0,0,0,0,0,0,0,0
KE026137,0.0,0.0,0.0,62,17,9,3,51,25,30,77.72,0,0,0,0,0,0,0.0,0.0,0.0,62,17,9,3,51,25,30,77.72,0,0,0,0,0,0,0.0,0.0,0.0,62,17,9,3,51,25,30,77.72,0,0,0,0,0,0,0.0,0.0,0.0,62,17,9,3,51,25,30,77.72,0,0,0,0,0,0
KE007031,0.0,0.0,0.0,1873,572,271,64,1736,797,955,81.27,0,0,0,0,0,0,0.0,0.0,0.0,2283,696,331,78,2111,972,1164,81.26,0,0,0,0,0,0,0.0,0.0,0.0,2456,749,356,84,2272,1046,1252,81.26,0,0,0,0,0,0,0.0,0.0,0.0,2550,778,369,87,2358,1086,1301,81.26,0,0,0,0,0,0
KE040230,0.0,0.0,0.0,1141,267,135,99,810,410,539,72.22,0,0,0,0,0,0,0.0,0.0,0.0,1243,291,147,108,883,447,587,72.23,0,0,0,0,0,0,0.0,0.0,0.0,1243,291,147,108,883,447,587,72.23,0,0,0,0,0,0,0.0,0.0,0.0,1243,291,147,108,883,447,587,72.23,0,0,0,0,0,0
KE014065,0.0,0.0,0.0,500,103,50,49,300,148,266,51.85,0,0,0,0,0,0,0.0,0.0,0.0,501,103,51,49,301,149,267,51.85,0,0,0,0,0,0,0.0,0.0,0.0,501,103,51,49,301,149,267,51.85,0,0,0,0,0,0,0.0,0.0,0.0,512,105,52,50,308,152,273,51.98,0,0,0,0,0,0
KE004019,0.0,0.0,0.0,9127,2989,1460,434,8031,3912,4390,84.53,11,2,0,0,0,0,0.0,0.0,0.0,9720,3185,1557,464,8548,4166,4672,84.56,11,2,0,0,0,0,0.0,0.0,0.0,10359,3397,1661,496,9107,4441,4976,84.6,11,2,0,0,0,0,0.0,0.0,0.0,11836,3888,1901,570,10398,5074,5679,84.67,11,2,0,0,0,0
KE003015,0.0,0.0,0.0,1719,473,236,136,1376,685,782,89.58,2,2,0,0,0,0,0.0,0.0,0.0,1794,494,246,142,1436,715,816,89.63,2,2,0,0,0,0,0.0,0.0,0.0,1823,502,250,144,1460,726,829,89.64,2,2,0,0,0,0,0.0,0.0,0.0,2022,557,277,160,1619,806,919,89.75,3,3,0,0,0,0
KE004018,0.0,0.0,0.0,11820,3859,1865,720,10343,5041,5451,86.8,23,15,0,0,25,1,0.0,0.0,0.0,17062,5571,2692,1040,14931,7277,7869,86.8,23,15,0,0,25,1,0.0,0.0,0.0,17589,5742,2775,1072,15393,7501,8112,86.79,29,19,0,0,25,1,0.0,0.0,0.0,21701,7085,3423,1322,18991,9255,10009,86.79,39,26,50,1,50,2
KE021110,0.0,0.0,0.0,137,28,14,16,80,40,71,53.22,0,0,0,0,0,0,0.0,0.0,0.0,137,28,14,16,80,40,71,53.22,0,0,0,0,0,0,0.0,0.0,0.0,137,28,14,16,80,40,71,53.22,0,0,0,0,0,0,0.0,0.0,0.0,137,28,14,16,80,40,71,53.22,0,0,0,0,0,0
KE022112,0.0,0.0,0.0,0,0,0,0,0,0,0,0,0,0,0,0,0,0,0.0,0.0,0.0,0,0,0,0,0,0,0,0,0,0,0,0,0,0,0.0,0.0,0.0,0,0,0,0,0,0,0,0,0,0,0,0,0,0,0.0,0.0,0.0,0,0,0,0,0,0,0,0,0,0,0,0,0,0
KE022111,0.0,0.0,0.0,0,0,0,0,0,0,0,0,0,0,0,0,0,0,0.0,0.0,0.0,0,0,0,0,0,0,0,0,0,0,0,0,0,0,0.0,0.0,0.0,0,0,0,0,0,0,0,0,0,0,0,0,0,0,0.0,0.0,0.0,0,0,0,0,0,0,0,0,0,0,0,0,0,0
KE041235,0.0,0.0,0.0,299,67,34,32,209,104,142,73.49,0,0,0,0,0,0,0.0,0.0,0.0,299,67,34,32,209,104,142,73.49,0,0,0,0,0,0,0.0,0.0,0.0,561,126,63,60,393,195,266,73.56,0,0,0,0,0,0,0.0,0.0,0.0,561,126,63,60,393,195,266,73.56,0,0,0,0,0,0
KE020101,0.0,0.0,0.0,0,0,0,0,0,0,0,0,0,0,0,0,0,0,0.0,0.0,0.0,0,0,0,0,0,0,0,0,0,0,0,0,0,0,0.0,0.0,0.0,0,0,0,0,0,0,0,0,0,0,0,0,0,0,0.0,0.0,0.0,0,0,0,0,0,0,0,0,0,0,0,0,0,0
KE032169,0.0,0.0,0.0,424,94,46,34,268,132,229,55.24,0,0,0,0,0,0,0.0,0.0,0.0,481,107,53,38,305,151,260,55.2,0,0,0,0,0,0,0.0,0.0,0.0,481,107,53,38,305,151,260,55.2,0,0,0,0,0,0,0.0,0.0,0.0,494,110,54,38,313,155,268,55.01,0,0,0,0,0,0
KE022116,0.0,0.0,0.0,273,52,26,31,146,72,146,48.21,0,0,0,0,0,0,0.0,0.0,0.0,273,52,26,31,146,72,146,48.21,0,0,0,0,0,0,0.0,0.0,0.0,273,52,26,31,146,72,146,48.21,0,0,0,0,0,0,0.0,0.0,0.0,273,52,26,31,146,72,146,48.21,0,0,0,0,0,0
KE038213,0.0,0.0,0.0,39,8,4,5,26,13,19,68.36,0,0,0,0,0,0,0.0,0.0,0.0,39,8,4,5,26,13,19,68.36,0,0,0,0,0,0,0.0,0.0,0.0,39,8,4,5,26,13,19,68.36,0,0,0,0,0,0,0.0,0.0,0.0,39,8,4,5,26,13,19,68.36,0,0,0,0,0,0
KE043249,0.0,0.0,0.0,263,66,33,14,187,94,141,66.4,0,0,0,0,0,0,0.0,0.0,0.0,263,66,33,14,187,94,141,66.4,0,0,0,0,0,0,0.0,0.0,0.0,263,66,33,14,187,94,141,66.4,0,0,0,0,0,0,0.0,0.0,0.0,263,66,33,14,187,94,141,66.4,0,0,0,0,0,0
KE012052,0.0,0.0,0.0,0,0,0,0,0,0,0,0,0,0,0,0,0,0,0.0,0.0,0.0,0,0,0,0,0,0,0,0,0,0,0,0,0,0,0.0,0.0,0.0,0,0,0,0,0,0,0,0,0,0,0,0,0,0,0.0,0.0,0.0,0,0,0,0,0,0,0,0,0,0,0,0,0,0
KE012053,0.0,0.0,0.0,0,0,0,0,0,0,0,0,0,0,0,0,0,0,0.0,0.0,0.0,0,0,0,0,0,0,0,0,0,0,0,0,0,0,0.0,0.0,0.0,0,0,0,0,0,0,0,0,0,0,0,0,0,0,0.0,0.0,0.0,0,0,0,0,0,0,0,0,0,0,0,0,0,0
KE012051,0.0,0.0,0.0,0,0,0,0,0,0,0,0,0,0,0,0,0,0,0.0,0.0,0.0,0,0,0,0,0,0,0,0,0,0,0,0,0,0,0.0,0.0,0.0,0,0,0,0,0,0,0,0,0,0,0,0,0,0,0.0,0.0,0.0,0,0,0,0,0,0,0,0,0,0,0,0,0,0
KE007032,0.0,0.0,0.0,525,162,76,18,492,224,268,81.29,0,0,0,0,0,0,0.0,0.0,0.0,755,233,109,26,707,321,385,81.29,0,0,0,0,0,0,0.0,0.0,0.0,823,254,119,28,771,350,420,81.29,0,0,0,0,0,0,0.0,0.0,0.0,1033,319,150,36,968,440,527,81.29,0,0,0,0,0,0
KE037210,0.0,0.0,0.0,845,175,87,89,568,286,405,68.91,0,0,0,0,0,0,0.0,0.0,0.0,845,175,87,89,568,286,405,68.91,0,0,0,0,0,0,0.0,0.0,0.0,845,175,87,89,568,286,405,68.91,0,0,0,0,0,0,0.0,0.0,0.0,845,175,87,89,568,286,405,68.91,0,0,0,0,0,0
KE011049,0.0,0.0,0.0,4054,1427,732,221,3730,1862,1800,88.82,0,0,0,0,0,0,0.0,0.0,0.0,4240,1493,766,232,3904,1949,1881,88.9,0,0,0,0,0,0,0.0,0.0,0.0,4482,1579,810,245,4127,2060,1988,88.88,0,0,0,0,0,0,0.0,0.0,0.0,4574,1611,827,250,4213,2103,2028,88.92,0,0,0,0,0,0
KE011050,0.0,0.0,0.0,11844,3746,1816,557,11099,5228,5654,79.33,17,2,0,0,0,0,0.0,0.0,0.0,12331,3901,1891,580,11556,5444,5886,79.33,17,2,0,0,0,0,0.0,0.0,0.0,12503,3955,1917,588,11717,5520,5968,79.33,25,3,0,0,0,0,0.0,0.0,0.0,12530,3963,1921,590,11742,5531,5981,79.33,42,5,0,0,0,0
KE001002,0.0,0.0,0.0,0,0,0,0,0,0,0,0,0,0,0,0,0,0,0.0,0.0,0.0,2599,650,318,64,1614,807,1633,45.87,0,0,0,0,0,0,0.0,0.0,0.0,2599,650,318,64,1614,807,1633,45.87,0,0,0,0,0,0,0.0,0.0,0.0,3527,882,432,87,2190,1095,2215,45.87,0,0,0,0,0,0
KE022113,0.0,0.0,0.0,2032,456,226,49,1074,537,1341,38.81,0,0,0,0,0,0,0.0,0.0,0.0,2061,462,229,51,1091,545,1357,38.93,0,0,0,0,0,0,0.0,0.0,0.0,2061,462,229,51,1091,545,1357,38.93,0,0,0,0,0,0,0.0,0.0,0.0,2061,462,229,51,1091,545,1357,38.93,0,0,0,0,0,0
KE022119,0.0,0.0,0.0,0,0,0,0,0,0,0,0,0,0,0,0,0,0,0.0,0.0,0.0,0,0,0,0,0,0,0,0,0,0,0,0,0,0,0.0,0.0,0.0,0,0,0,0,0,0,0,0,0,0,0,0,0,0,0.0,0.0,0.0,0,0,0,0,0,0,0,0,0,0,0,0,0,0
KE043246,0.0,0.0,0.0,73,17,8,7,53,26,35,75.67,0,0,0,0,0,0,0.0,0.0,0.0,73,17,8,7,53,26,35,75.67,0,0,0,0,0,0,0.0,0.0,0.0,179,42,21,15,133,66,87,77.3,0,0,0,0,0,0,0.0,0.0,0.0,179,42,21,15,133,66,87,77.3,0,0,0,0,0,0
KE039218,0.0,0.0,0.0,0,0,0,0,0,0,0,0,0,0,0,0,0,0,0.0,0.0,0.0,0,0,0,0,0,0,0,0,0,0,0,0,0,0,0.0,0.0,0.0,0,0,0,0,0,0,0,0,0,0,0,0,0,0,0.0,0.0,0.0,0,0,0,0,0,0,0,0,0,0,0,0,0,0
KE024131,0.0,0.0,0.0,551,209,105,26,526,266,240,106.29,0,0,0,0,0,0,0.0,0.0,0.0,639,242,122,30,608,308,278,106.25,0,0,0,0,0,0,0.0,0.0,0.0,639,242,122,30,609,308,278,106.25,0,0,0,0,0,0,0.0,0.0,0.0,662,249,126,31,629,318,289,105.71,0,0,0,0,0,0
KE017085,0.0,0.0,0.0,0,0,0,0,0,0,0,0,0,0,0,0,0,0,0.0,0.0,0.0,0,0,0,0,0,0,0,0,0,0,0,0,0,0,0.0,0.0,0.0,0,0,0,0,0,0,0,0,0,0,0,0,0,0,0.0,0.0,0.0,0,0,0,0,0,0,0,0,0,0,0,0,0,0
KE034184,0.0,0.0,0.0,1537,482,236,62,1289,638,760,76.78,3,1,0,0,0,0,0.0,0.0,0.0,1622,508,249,65,1360,673,801,76.8,3,1,0,0,0,0,0.0,0.0,0.0,1649,517,253,66,1383,685,815,76.81,3,1,0,0,0,0,0.0,0.0,0.0,2414,757,370,97,2026,1003,1192,76.94,3,1,0,0,0,0
KE034186,0.0,0.0,0.0,522,138,67,25,365,181,291,57.59,0,0,0,0,0,0,0.0,0.0,0.0,603,159,78,29,423,210,335,57.66,0,0,0,0,0,0,0.0,0.0,0.0,611,161,79,29,429,212,339,57.66,0,0,0,0,0,0,0.0,0.0,0.0,612,162,79,29,429,213,340,57.66,3,1,0,0,0,0
KE034183,0.0,0.0,0.0,0,0,0,0,0,0,0,0,0,0,0,0,0,0,0.0,0.0,0.0,0,0,0,0,0,0,0,0,0,0,0,0,0,0,0.0,0.0,0.0,0,0,0,0,0,0,0,0,0,0,0,0,0,0,0.0,0.0,0.0,0,0,0,0,0,0,0,0,0,0,0,0,0,0
KE034187,0.0,0.0,0.0,1113,330,164,54,890,446,554,74.6,0,0,0,0,0,0,0.0,0.0,0.0,1276,378,188,62,1020,512,635,74.67,0,0,0,0,0,0,0.0,0.0,0.0,1304,386,192,64,1043,523,649,74.7,0,0,0,0,0,0,0.0,0.0,0.0,1433,424,211,70,1146,575,712,74.78,0,0,0,0,0,0
KE034185,0.0,0.0,0.0,1136,356,175,50,922,457,569,73.89,2,1,0,0,0,0,0.0,0.0,0.0,1530,480,236,67,1241,616,766,73.93,2,1,0,0,0,0,0.0,0.0,0.0,1539,483,238,68,1248,619,771,73.93,2,1,0,0,0,0,0.0,0.0,0.0,1891,593,292,83,1534,761,947,73.95,2,1,0,0,0,0
KE003013,0.0,0.0,0.0,136,37,18,10,104,52,66,77.62,0,0,0,0,0,0,0.0,0.0,0.0,136,37,18,10,104,52,66,77.62,0,0,0,0,0,0,0.0,0.0,0.0,136,37,18,10,104,52,66,77.62,0,0,0,0,0,0,0.0,0.0,0.0,136,37,18,10,104,52,66,77.62,0,0,0,0,0,0
KE047288,0.0,0.0,0.0,0,0,0,0,0,0,0,0,0,0,0,0,0,0,0.0,0.0,0.0,0,0,0,0,0,0,0,0,0,0,0,0,0,0,0.0,0.0,0.0,0,0,0,0,0,0,0,0,0,0,0,0,0,0,0.0,0.0,0.0,0,0,0,0,0,0,0,0,0,0,0,0,0,0
KE021109,0.0,0.0,0.0,0,0,0,0,0,0,0,0,0,0,0,0,0,0,0.0,0.0,0.0,0,0,0,0,0,0,0,0,0,0,0,0,0,0,0.0,0.0,0.0,0,0,0,0,0,0,0,0,0,0,0,0,0,0,0.0,0.0,0.0,0,0,0,0,0,0,0,0,0,0,0,0,0,0
KE039220,0.0,0.0,0.0,0,0,0,0,0,0,0,0,0,0,0,0,0,0,0.0,0.0,0.0,0,0,0,0,0,0,0,0,0,0,0,0,0,0,0.0,0.0,0.0,0,0,0,0,0,0,0,0,0,0,0,0,0,0,0.0,0.0,0.0,0,0,0,0,0,0,0,0,0,0,0,0,0,0
KE021104,0.0,0.0,0.0,0,0,0,0,0,0,0,0,0,0,0,0,0,0,0.0,0.0,0.0,0,0,0,0,0,0,0,0,0,0,0,0,0,0,0.0,0.0,0.0,0,0,0,0,0,0,0,0,0,0,0,0,0,0,0.0,0.0,0.0,0,0,0,0,0,0,0,0,0,0,0,0,0,0
KE016077,0.0,0.0,0.0,0,0,0,0,0,0,0,0,0,0,0,0,0,0,0.0,0.0,0.0,0,0,0,0,0,0,0,0,0,0,0,0,0,0,0.0,0.0,0.0,0,0,0,0,0,0,0,0,0,0,0,0,0,0,0.0,0.0,0.0,0,0,0,0,0,0,0,0,0,0,0,0,0,0
KE024129,0.0,0.0,0.0,368,125,62,18,321,160,175,85.7,0,0,0,0,0,0,0.0,0.0,0.0,442,149,74,21,385,192,210,85.46,0,0,0,0,0,0,0.0,0.0,0.0,496,168,83,24,432,216,236,85.57,0,0,0,0,0,0,0.0,0.0,0.0,535,181,90,26,466,233,255,85.47,0,0,0,0,0,0
KE027145,0.0,0.0,0.0,156,35,17,5,93,46,97,45.32,0,0,0,0,0,0,0.0,0.0,0.0,156,35,17,5,93,46,97,45.32,0,0,0,0,0,0,0.0,0.0,0.0,156,35,17,5,93,46,97,45.32,0,0,0,0,0,0,0.0,0.0,0.0,156,35,17,5,93,46,97,45.32,0,0,0,0,0,0
KE043247,0.0,0.0,0.0,3880,924,461,349,2827,1411,1878,74.81,0,0,0,0,0,0,0.0,0.0,0.0,4226,1007,502,380,3080,1537,2046,74.81,0,0,0,0,0,0,0.0,0.0,0.0,4730,1127,563,425,3447,1721,2290,74.81,0,0,0,0,0,0,0.0,0.0,0.0,5322,1269,633,478,3879,1936,2576,74.81,2,1,0,0,0,0
KE047280,0.0,0.0,0.0,5953,1422,699,108,3421,1714,3869,42.75,0,0,0,0,0,0,0.0,0.0,0.0,5953,1422,699,108,3421,1714,3869,42.75,0,0,0,0,0,0,0.0,0.0,0.0,8515,2034,1000,153,4894,2452,5534,42.76,0,0,0,0,0,0,0.0,0.0,0.0,8661,2069,1017,156,4978,2494,5629,42.76,0,0,0,0,0,0
KE043245,0.0,0.0,0.0,0,0,0,0,0,0,0,0,0,0,0,0,0,0,0.0,0.0,0.0,0,0,0,0,0,0,0,0,0,0,0,0,0,0,0.0,0.0,0.0,0,0,0,0,0,0,0,0,0,0,0,0,0,0,0.0,0.0,0.0,0,0,0,0,0,0,0,0,0,0,0,0,0,0
KE016079,0.0,0.0,0.0,0,0,0,0,0,0,0,0,0,0,0,0,0,0,0.0,0.0,0.0,0,0,0,0,0,0,0,0,0,0,0,0,0,0,0.0,0.0,0.0,0,0,0,0,0,0,0,0,0,0,0,0,0,0,0.0,0.0,0.0,0,0,0,0,0,0,0,0,0,0,0,0,0,0
KE028149,0.0,0.0,0.0,9,2,1,1,7,3,4,75.85,0,0,0,0,0,0,0.0,0.0,0.0,9,2,1,1,7,3,4,74.86,0,0,0,0,0,0,0.0,0.0,0.0,9,2,1,1,7,3,4,74.86,0,0,0,0,0,0,0.0,0.0,0.0,9,2,1,1,7,3,4,74.86,0,0,0,0,0,0
KE028150,0.0,0.0,0.0,21,5,3,2,15,7,11,63.78,0,0,0,0,0,0,0.0,0.0,0.0,21,5,3,2,15,7,11,63.78,0,0,0,0,0,0,0.0,0.0,0.0,21,5,3,2,15,7,11,63.78,0,0,0,0,0,0,0.0,0.0,0.0,21,5,3,2,15,7,11,63.78,0,0,0,0,0,0
KE027146,0.0,0.0,0.0,29,7,3,2,20,10,16,58.74,0,0,0,0,0,0,0.0,0.0,0.0,29,7,3,2,20,10,16,58.74,0,0,0,0,0,0,0.0,0.0,0.0,29,7,3,2,20,10,16,58.74,0,0,0,0,0,0,0.0,0.0,0.0,29,7,3,2,20,10,16,58.74,0,0,0,0,0,0
KE037208,0.0,0.0,0.0,725,152,76,83,502,253,333,74.6,0,0,0,0,0,0,0.0,0.0,0.0,1010,212,105,114,695,350,469,73.46,0,0,0,0,0,0,0.0,0.0,0.0,1255,263,131,142,864,435,581,73.69,0,0,0,0,0,0,0.0,0.0,0.0,2015,422,211,230,1391,700,930,74.04,0,0,0,0,0,0
KE022118,0.0,0.0,0.0,0,0,0,0,0,0,0,0,0,0,0,0,0,0,0.0,0.0,0.0,0,0,0,0,0,0,0,0,0,0,0,0,0,0,0.0,0.0,0.0,0,0,0,0,0,0,0,0,0,0,0,0,0,0,0.0,0.0,0.0,0,0,0,0,0,0,0,0,0,0,0,0,0,0
KE022117,0.0,0.0,0.0,0,0,0,0,0,0,0,0,0,0,0,0,0,0,0.0,0.0,0.0,0,0,0,0,0,0,0,0,0,0,0,0,0,0,0.0,0.0,0.0,0,0,0,0,0,0,0,0,0,0,0,0,0,0,0.0,0.0,0.0,0,0,0,0,0,0,0,0,0,0,0,0,0,0
KE047278,0.0,0.0,0.0,0,0,0,0,0,0,0,0,0,0,0,0,0,0,0.0,0.0,0.0,0,0,0,0,0,0,0,0,0,0,0,0,0,0,0.0,0.0,0.0,0,0,0,0,0,0,0,0,0,0,0,0,0,0,0.0,0.0,0.0,0,0,0,0,0,0,0,0,0,0,0,0,0,0
KE017088,0.0,0.0,0.0,270,52,25,27,174,85,141,59.24,0,0,0,0,0,0,0.0,0.0,0.0,289,56,27,29,186,92,151,59.24,0,0,0,0,0,0,0.0,0.0,0.0,289,56,27,29,186,92,151,59.24,0,0,0,0,0,0,0.0,0.0,0.0,295,57,28,29,190,93,154,59.26,0,0,0,0,0,0
KE017087,0.0,0.0,0.0,1275,243,120,113,792,390,695,55.74,0,0,0,0,0,0,0.0,0.0,0.0,1357,259,128,120,843,415,740,55.68,0,0,0,0,0,0,0.0,0.0,0.0,1448,276,137,128,899,442,791,55.61,0,0,0,0,0,0,0.0,0.0,0.0,1625,310,153,144,1014,499,884,56.09,0,0,0,0,0,0
KE019095,0.0,0.0,0.0,0,0,0,0,0,0,0,0,0,0,0,0,0,0,0.0,0.0,0.0,0,0,0,0,0,0,0,0,0,0,0,0,0,0,0.0,0.0,0.0,0,0,0,0,0,0,0,0,0,0,0,0,0,0,0.0,0.0,0.0,0,0,0,0,0,0,0,0,0,0,0,0,0,0
KE021107,0.0,0.0,0.0,266,52,26,37,151,74,133,55.59,0,0,0,0,0,0,0.0,0.0,0.0,266,52,26,37,151,74,133,55.59,0,0,0,0,0,0,0.0,0.0,0.0,266,52,26,37,151,74,133,55.59,0,0,0,0,0,0,0.0,0.0,0.0,266,52,26,37,151,74,133,55.59,0,0,0,0,0,0
KE021106,0.0,0.0,0.0,780,148,73,86,407,202,427,46.65,0,0,0,0,0,0,0.0,0.0,0.0,917,176,86,101,480,238,500,46.95,0,0,0,0,0,0,0.0,0.0,0.0,1075,206,101,120,562,279,586,46.99,0,0,0,0,0,0,0.0,0.0,0.0,1075,206,101,120,562,279,586,46.99,0,0,0,0,0,0
KE022120,0.0,0.0,0.0,154,32,16,9,79,39,96,41.39,0,0,0,0,0,0,0.0,0.0,0.0,154,32,16,9,79,39,96,41.39,0,0,0,0,0,0,0.0,0.0,0.0,154,32,16,9,79,39,96,41.39,0,0,0,0,0,0,0.0,0.0,0.0,154,32,16,9,79,39,96,41.39,0,0,0,0,0,0
KE033177,0.0,0.0,0.0,552,172,86,21,482,241,267,83.96,0,0,0,0,0,0,0.0,0.0,0.0,659,206,103,25,575,287,319,83.98,0,0,0,0,0,0,0.0,0.0,0.0,659,206,103,25,575,287,319,83.98,0,0,0,0,0,0,0.0,0.0,0.0,695,217,108,26,606,303,337,83.94,0,0,0,0,0,0
KE003011,0.0,0.0,0.0,14782,3736,1848,813,10208,5081,8078,61.16,10,4,0,0,0,0,0.0,0.0,0.0,24069,6085,3011,1320,16612,8269,13150,61.15,17,7,0,0,0,0,0.0,0.0,0.0,26856,6790,3359,1472,18533,9225,14673,61.15,19,8,0,0,0,0,0.0,0.0,0.0,30289,7659,3789,1659,20898,10402,16547,61.15,24,10,0,0,0,0
KE003012,0.0,0.0,0.0,323,79,39,15,213,106,186,55.19,0,0,0,0,0,0,0.0,0.0,0.0,841,205,102,39,553,275,485,55.19,0,0,0,0,0,0,0.0,0.0,0.0,841,205,102,39,553,275,485,55.19,0,0,0,0,0,0,0.0,0.0,0.0,1303,318,158,61,857,426,751,55.19,0,0,0,0,0,0
KE047275,0.0,0.0,0.0,0,0,0,0,0,0,0,0,0,0,0,0,0,0,0.0,0.0,0.0,0,0,0,0,0,0,0,0,0,0,0,0,0,0,0.0,0.0,0.0,0,0,0,0,0,0,0,0,0,0,0,0,0,0,0.0,0.0,0.0,0,0,0,0,0,0,0,0,0,0,0,0,0,0
KE017084,0.0,0.0,0.0,58,11,5,6,35,18,31,54.34,0,0,0,0,0,0,0.0,0.0,0.0,58,11,5,6,35,18,31,54.34,0,0,0,0,0,0,0.0,0.0,0.0,58,11,5,6,35,18,31,54.34,0,0,0,0,0,0,0.0,0.0,0.0,58,11,5,6,35,18,31,54.34,0,0,0,0,0,0
KE039223,0.0,0.0,0.0,0,0,0,0,0,0,0,0,0,0,0,0,0,0,0.0,0.0,0.0,0,0,0,0,0,0,0,0,0,0,0,0,0,0,0.0,0.0,0.0,0,0,0,0,0,0,0,0,0,0,0,0,0,0,0.0,0.0,0.0,0,0,0,0,0,0,0,0,0,0,0,0,0,0
KE026139,0.0,0.0,0.0,606,144,71,38,436,217,311,66.51,0,0,0,0,0,0,0.0,0.0,0.0,606,144,71,38,436,217,311,66.51,0,0,0,0,0,0,0.0,0.0,0.0,606,144,71,38,436,217,311,66.51,0,0,0,0,0,0,0.0,0.0,0.0,606,144,71,38,436,217,311,66.51,0,0,0,0,0,0
KE002010,0.0,0.0,0.0,3454,1087,541,215,2933,1456,1645,89.51,0,0,0,0,0,0,0.0,0.0,0.0,4002,1262,628,249,3406,1691,1902,89.9,0,0,0,0,0,0,0.0,0.0,0.0,4006,1263,628,250,3409,1692,1904,89.9,0,0,0,0,0,0,0.0,0.0,0.0,4367,1377,685,272,3715,1845,2077,89.84,0,0,0,0,0,0
KE018089,0.0,0.0,0.0,250,52,25,19,153,75,134,54.49,0,0,0,0,0,0,0.0,0.0,0.0,250,52,25,19,153,75,134,54.49,0,0,0,0,0,0,0.0,0.0,0.0,250,52,25,19,153,75,134,54.49,0,0,0,0,0,0,0.0,0.0,0.0,250,52,25,19,153,75,134,54.49,0,0,0,0,0,0
KE018090,0.0,0.0,0.0,142,29,14,15,89,44,72,58.32,0,0,0,0,0,0,0.0,0.0,0.0,142,29,14,15,89,44,72,58.32,0,0,0,0,0,0,0.0,0.0,0.0,142,29,14,15,89,44,72,58.32,0,0,0,0,0,0,0.0,0.0,0.0,142,29,14,15,89,44,72,58.32,0,0,0,0,0,0
KE035188,0.0,0.0,0.0,716,187,92,45,537,265,367,68.55,0,0,0,0,0,0,0.0,0.0,0.0,716,187,92,45,537,265,367,68.55,0,0,0,0,0,0,0.0,0.0,0.0,716,187,92,45,537,265,367,68.55,0,0,0,0,0,0,0.0,0.0,0.0,716,187,92,45,537,265,367,68.55,0,0,0,0,0,0
KE035189,0.0,0.0,0.0,0,0,0,0,0,0,0,0,0,0,0,0,0,0,0.0,0.0,0.0,0,0,0,0,0,0,0,0,0,0,0,0,0,0,0.0,0.0,0.0,0,0,0,0,0,0,0,0,0,0,0,0,0,0,0.0,0.0,0.0,0,0,0,0,0,0,0,0,0,0,0,0,0,0
KE020103,0.0,0.0,0.0,0,0,0,0,0,0,0,0,0,0,0,0,0,0,0.0,0.0,0.0,0,0,0,0,0,0,0,0,0,0,0,0,0,0,0.0,0.0,0.0,0,0,0,0,0,0,0,0,0,0,0,0,0,0,0.0,0.0,0.0,0,0,0,0,0,0,0,0,0,0,0,0,0,0
KE001003,0.0,0.0,0.0,1141,281,139,44,712,355,687,49.2,0,0,0,0,0,0,0.0,0.0,0.0,1393,344,170,51,865,431,844,48.51,0,0,0,0,0,0,0.0,0.0,0.0,1431,353,174,52,888,443,867,48.47,0,0,0,0,0,0,0.0,0.0,0.0,1431,353,174,52,888,443,867,48.47,0,0,0,0,0,0
KE042240,0.0,0.0,0.0,1106,240,120,27,632,323,707,43.99,0,0,0,0,0,0,0.0,0.0,0.0,1106,240,120,27,632,323,707,43.99,0,0,0,0,0,0,0.0,0.0,0.0,1106,240,120,27,632,323,707,43.99,0,0,0,0,0,0,0.0,0.0,0.0,1106,240,120,27,632,323,707,43.99,0,0,0,0,0,0
KE042238,0.0,0.0,0.0,186,46,23,7,122,62,109,54.22,0,0,0,0,0,0,0.0,0.0,0.0,186,46,23,7,122,62,109,54.22,0,0,0,0,0,0,0.0,0.0,0.0,186,46,23,7,122,62,109,54.22,0,0,0,0,0,0,0.0,0.0,0.0,186,46,23,7,122,62,109,54.22,0,0,0,0,0,0
KE042239,0.0,0.0,0.0,196,44,22,13,130,65,106,58.15,0,0,0,0,0,0,0.0,0.0,0.0,196,44,22,13,130,65,106,58.15,0,0,0,0,0,0,0.0,0.0,0.0,196,44,22,13,130,65,106,58.15,0,0,0,0,0,0,0.0,0.0,0.0,196,44,22,13,130,65,106,58.15,0,0,0,0,0,0
KE015072,0.0,0.0,0.0,61,11,5,7,36,18,32,55.92,0,0,0,0,0,0,0.0,0.0,0.0,61,11,5,7,36,18,32,55.92,0,0,0,0,0,0,0.0,0.0,0.0,61,11,5,7,36,18,32,55.92,0,0,0,0,0,0,0.0,0.0,0.0,61,11,5,7,36,18,32,55.92,0,0,0,0,0,0
KE015073,0.0,0.0,0.0,392,85,42,38,286,142,190,75.9,0,0,0,0,0,0,0.0,0.0,0.0,472,103,50,45,345,172,229,76.14,0,0,0,0,0,0,0.0,0.0,0.0,550,120,59,53,403,200,267,76.36,0,0,0,0,0,0,0.0,0.0,0.0,550,120,59,53,403,200,267,76.36,0,0,0,0,0,0
KE015071,0.0,0.0,0.0,578,110,55,62,365,180,300,59.33,0,0,0,0,0,0,0.0,0.0,0.0,578,110,55,62,365,180,300,59.33,0,0,0,0,0,0,0.0,0.0,0.0,634,120,60,68,398,196,329,59.05,0,0,0,0,0,0,0.0,0.0,0.0,634,120,60,68,398,196,329,59.05,0,0,0,0,0,0
KE015074,0.0,0.0,0.0,683,138,69,64,490,242,341,72.5,0,0,0,0,0,0,0.0,0.0,0.0,813,164,82,77,581,287,406,72.17,0,0,0,0,0,0,0.0,0.0,0.0,827,167,83,78,590,292,413,72.17,0,0,0,0,0,0,0.0,0.0,0.0,891,181,90,84,637,315,445,72.22,0,0,0,0,0,0
KE015070,0.0,0.0,0.0,36,7,4,4,22,11,18,58.25,0,0,0,0,0,0,0.0,0.0,0.0,36,7,4,4,22,11,18,58.25,0,0,0,0,0,0,0.0,0.0,0.0,36,7,4,4,22,11,18,58.25,0,0,0,0,0,0,0.0,0.0,0.0,36,7,4,4,22,11,18,58.25,0,0,0,0,0,0
KE045268,0.0,0.0,0.0,0,0,0,0,0,0,0,0,0,0,0,0,0,0,0.0,0.0,0.0,0,0,0,0,0,0,0,0,0,0,0,0,0,0,0.0,0.0,0.0,0,0,0,0,0,0,0,0,0,0,0,0,0,0,0.0,0.0,0.0,0,0,0,0,0,0,0,0,0,0,0,0,0,0
KE045269,0.0,0.0,0.0,0,0,0,0,0,0,0,0,0,0,0,0,0,0,0.0,0.0,0.0,0,0,0,0,0,0,0,0,0,0,0,0,0,0,0.0,0.0,0.0,0,0,0,0,0,0,0,0,0,0,0,0,0,0,0.0,0.0,0.0,0,0,0,0,0,0,0,0,0,0,0,0,0,0
KE046270,0.0,0.0,0.0,0,0,0,0,0,0,0,0,0,0,0,0,0,0,0.0,0.0,0.0,0,0,0,0,0,0,0,0,0,0,0,0,0,0,0.0,0.0,0.0,0,0,0,0,0,0,0,0,0,0,0,0,0,0,0.0,0.0,0.0,0,0,0,0,0,0,0,0,0,0,0,0,0,0
KE036198,0.0,0.0,0.0,468,111,55,25,334,166,257,60.49,0,0,0,0,0,0,0.0,0.0,0.0,468,111,55,25,334,166,257,60.49,0,0,0,0,0,0,0.0,0.0,0.0,468,111,55,25,334,166,257,60.49,0,0,0,0,0,0,0.0,0.0,0.0,568,134,66,30,406,201,312,60.5,0,0,0,0,0,0
KE032171,0.0,0.0,0.0,0,0,0,0,0,0,0,0,0,0,0,0,0,0,0.0,0.0,0.0,0,0,0,0,0,0,0,0,0,0,0,0,0,0,0.0,0.0,0.0,0,0,0,0,0,0,0,0,0,0,0,0,0,0,0.0,0.0,0.0,0,0,0,0,0,0,0,0,0,0,0,0,0,0
KE032170,0.0,0.0,0.0,0,0,0,0,0,0,0,0,0,0,0,0,0,0,0.0,0.0,0.0,0,0,0,0,0,0,0,0,0,0,0,0,0,0,0.0,0.0,0.0,0,0,0,0,0,0,0,0,0,0,0,0,0,0,0.0,0.0,0.0,0,0,0,0,0,0,0,0,0,0,0,0,0,0
KE044260,0.0,0.0,0.0,416,119,60,17,343,173,207,79.55,0,0,0,0,0,0,0.0,0.0,0.0,416,119,60,17,343,173,207,79.55,0,0,0,0,0,0,0.0,0.0,0.0,416,119,60,17,343,173,207,79.55,0,0,0,0,0,0,0.0,0.0,0.0,416,119,60,17,343,173,207,79.55,0,0,0,0,0,0
KE044259,0.0,0.0,0.0,102,27,14,6,79,40,51,75.15,0,0,0,0,0,0,0.0,0.0,0.0,102,27,14,6,79,40,51,75.15,0,0,0,0,0,0,0.0,0.0,0.0,102,27,14,6,79,40,51,75.15,0,0,0,0,0,0,0.0,0.0,0.0,102,27,14,6,79,40,51,75.15,0,0,0,0,0,0
KE026136,0.0,0.0,0.0,400,99,49,26,299,148,201,70.37,0,0,0,0,0,0,0.0,0.0,0.0,400,99,49,26,299,148,201,70.37,0,0,0,0,0,0,0.0,0.0,0.0,400,99,49,26,299,148,201,70.37,0,0,0,0,0,0,0.0,0.0,0.0,400,99,49,26,299,148,201,70.37,0,0,0,0,0,0
KE009044,0.0,0.0,0.0,2804,978,541,66,2611,1410,1272,95.24,0,0,0,0,0,0,0.0,0.0,0.0,2807,979,542,66,2614,1411,1273,95.23,0,0,0,0,0,0,0.0,0.0,0.0,2807,979,542,66,2614,1411,1273,95.23,0,0,0,0,0,0,0.0,0.0,0.0,2807,979,542,66,2614,1411,1273,95.23,0,0,0,0,0,0
KE007029,0.0,0.0,0.0,2486,800,360,90,2428,1059,1267,81.38,0,0,0,0,0,0,0.0,0.0,0.0,2636,848,382,95,2574,1122,1344,81.38,5,1,0,0,0,0,0.0,0.0,0.0,2675,861,388,97,2613,1139,1364,81.38,5,1,0,0,0,0,0.0,0.0,0.0,2686,864,389,97,2623,1144,1369,81.38,5,1,0,0,0,0
KE031164,0.0,0.0,0.0,945,255,126,83,693,340,466,69.02,0,0,0,0,0,0,0.0,0.0,0.0,1052,285,140,92,774,380,518,69.28,0,0,0,0,0,0,0.0,0.0,0.0,1088,295,145,95,801,393,535,69.36,0,0,0,0,0,0,0.0,0.0,0.0,1093,297,146,96,805,395,538,69.37,0,0,0,0,0,0
KE031165,0.0,0.0,0.0,319,82,41,22,217,107,172,58.53,0,0,0,0,0,0,0.0,0.0,0.0,322,83,41,22,219,108,173,58.62,0,0,0,0,0,0,0.0,0.0,0.0,361,92,45,25,242,120,195,57.49,0,0,0,0,0,0,0.0,0.0,0.0,361,92,45,25,242,120,195,57.49,0,0,0,0,0,0
KE031163,0.0,0.0,0.0,301,62,30,28,175,86,161,50.92,0,0,0,0,0,0,0.0,0.0,0.0,301,62,30,28,175,86,161,50.92,0,0,0,0,0,0,0.0,0.0,0.0,304,63,31,29,177,87,163,50.9,0,0,0,0,0,0,0.0,0.0,0.0,304,63,31,29,177,87,163,50.9,0,0,0,0,0,0
KE010048,0.0,0.0,0.0,94,31,15,5,86,42,43,91.87,0,0,0,0,0,0,0.0,0.0,0.0,96,32,16,5,88,43,44,91.99,0,0,0,0,0,0,0.0,0.0,0.0,103,34,17,6,94,46,47,91.82,0,0,0,0,0,0,0.0,0.0,0.0,104,34,17,6,95,47,47,91.81,0,0,0,0,0,0
KE005021,0.0,0.0,0.0,99,25,12,10,69,34,48,61.02,0,0,0,0,0,0,0.0,0.0,0.0,129,32,15,13,90,44,63,61.03,0,0,0,0,0,0,0.0,0.0,0.0,130,33,16,13,91,44,64,61.02,0,0,0,0,0,0,0.0,0.0,0.0,242,61,29,23,170,83,119,60.87,0,0,0,0,0,0
KE005022,0.0,0.0,0.0,2099,587,286,140,1599,783,1069,64.32,0,0,0,0,0,0,0.0,0.0,0.0,2187,614,299,145,1673,818,1111,64.76,0,0,0,0,0,0,0.0,0.0,0.0,2218,622,303,147,1696,829,1127,64.69,0,0,0,0,0,0,0.0,0.0,0.0,2624,749,365,172,2039,997,1320,66.82,0,0,0,0,0,0
KE047277,0.0,0.0,0.0,0,0,0,0,0,0,0,0,0,1,0,0,0,0,0.0,0.0,0.0,0,0,0,0,0,0,0,0,0,1,0,0,0,0,0.0,0.0,0.0,0,0,0,0,0,0,0,0,0,1,0,0,0,0,0.0,0.0,0.0,0,0,0,0,0,0,0,0,0,1,0,0,0,0
KE022122,0.0,0.0,0.0,0,0,0,0,0,0,0,0,0,0,0,0,0,0,0.0,0.0,0.0,0,0,0,0,0,0,0,0,0,0,0,0,0,0,0.0,0.0,0.0,0,0,0,0,0,0,0,0,0,0,0,0,0,0,0.0,0.0,0.0,0,0,0,0,0,0,0,0,0,0,0,0,0,0
KE001005,0.0,0.0,0.0,254,66,33,8,161,81,156,48.26,0,0,0,0,0,0,0.0,0.0,0.0,9422,2445,1215,224,5783,2920,5937,45.04,0,0,0,0,0,0,0.0,0.0,0.0,9422,2445,1215,224,5783,2920,5937,45.04,0,0,0,0,0,0,0.0,0.0,0.0,9422,2445,1215,224,5783,2920,5937,45.04,0,0,0,0,0,0
KE037200,0.0,0.0,0.0,551,128,64,34,388,195,285,64.99,0,0,0,0,0,0,0.0,0.0,0.0,551,128,64,34,388,195,285,64.99,0,0,0,0,0,0,0.0,0.0,0.0,551,128,64,34,388,195,285,64.99,0,0,0,0,0,0,0.0,0.0,0.0,597,138,69,37,420,211,308,65.14,0,0,0,0,0,0
KE022121,0.0,0.0,0.0,0,0,0,0,0,0,0,0,0,0,0,0,0,0,0.0,0.0,0.0,0,0,0,0,0,0,0,0,0,0,0,0,0,0,0.0,0.0,0.0,0,0,0,0,0,0,0,0,0,0,0,0,0,0,0.0,0.0,0.0,0,0,0,0,0,0,0,0,0,0,0,0,0,0
KE023126,0.0,0.0,0.0,3319,970,481,188,2804,1356,1630,81.03,0,0,0,0,0,0,0.0,0.0,0.0,3608,1054,523,205,3048,1474,1772,81.03,0,0,0,0,0,0,0.0,0.0,0.0,3816,1119,555,215,3220,1558,1877,80.82,0,0,0,0,0,0,0.0,0.0,0.0,5995,1763,874,337,5055,2447,2952,80.66,0,0,100,1,0,0
KE038214,0.0,0.0,0.0,0,0,0,0,0,0,0,0,0,0,0,0,0,0,0.0,0.0,0.0,0,0,0,0,0,0,0,0,0,0,0,0,0,0,0.0,0.0,0.0,0,0,0,0,0,0,0,0,0,0,0,0,0,0,0.0,0.0,0.0,0,0,0,0,0,0,0,0,0,0,0,0,0,0
KE037199,0.0,0.0,0.0,2134,491,247,146,1552,780,1046,70.43,0,0,0,0,0,0,0.0,0.0,0.0,2537,584,294,174,1845,927,1243,70.5,0,0,0,0,0,0,0.0,0.0,0.0,2537,584,294,174,1845,927,1243,70.5,0,0,0,0,0,0,0.0,0.0,0.0,2827,654,329,192,2065,1037,1385,70.83,0,0,0,0,0,0
KE002008,0.0,0.0,0.0,8208,2427,1205,558,6698,3318,3996,81.69,0,0,0,0,0,0,0.0,0.0,0.0,9467,2811,1395,646,7762,3845,4590,82.47,0,0,0,0,0,0,0.0,0.0,0.0,10111,3006,1492,692,8304,4113,4894,82.76,0,0,0,0,0,0,0.0,0.0,0.0,11536,3417,1696,787,9435,4674,5604,82.07,0,0,0,0,0,0
KE037202,0.0,0.0,0.0,582,129,64,35,397,200,307,61.86,0,0,0,0,0,0,0.0,0.0,0.0,582,129,64,35,397,200,307,61.86,0,0,0,0,0,0,0.0,0.0,0.0,582,129,64,35,397,200,307,61.86,0,0,0,0,0,0,0.0,0.0,0.0,582,129,64,35,397,200,307,61.86,0,0,0,0,0,0
KE013061,0.0,0.0,0.0,0,0,0,0,0,0,0,0,0,0,0,0,0,0,0.0,0.0,0.0,0,0,0,0,0,0,0,0,0,0,0,0,0,0,0.0,0.0,0.0,0,0,0,0,0,0,0,0,0,0,0,0,0,0,0.0,0.0,0.0,0,0,0,0,0,0,0,0,0,0,0,0,0,0
KE016081,0.0,0.0,0.0,0,0,0,0,0,0,0,0,0,0,0,0,0,0,0.0,0.0,0.0,0,0,0,0,0,0,0,0,0,0,0,0,0,0,0.0,0.0,0.0,0,0,0,0,0,0,0,0,0,0,0,0,0,0,0.0,0.0,0.0,0,0,0,0,0,0,0,0,0,0,0,0,0,0
KE003017,0.0,0.0,0.0,18123,5070,2504,1216,14558,7254,8752,80.5,16,12,0,0,12,1,0.0,0.0,0.0,20802,5823,2876,1397,16723,8334,10039,80.62,17,13,0,0,25,2,0.0,0.0,0.0,23462,6578,3249,1580,18905,9421,11297,80.98,24,18,0,0,25,2,0.0,0.0,0.0,24826,6959,3437,1672,19997,9965,11958,80.93,25,19,0,0,25,2
KE047287,0.0,0.0,0.0,0,0,0,0,0,0,0,0,0,0,0,0,0,0,0.0,0.0,0.0,0,0,0,0,0,0,0,0,0,0,0,0,0,0,0.0,0.0,0.0,0,0,0,0,0,0,0,0,0,0,0,0,0,0,0.0,0.0,0.0,0,0,0,0,0,0,0,0,0,0,0,0,0,0
KE017086,0.0,0.0,0.0,2374,437,215,243,1364,674,1292,50.87,0,0,0,0,0,0,0.0,0.0,0.0,2504,461,227,256,1446,714,1360,51.26,0,0,0,0,0,0,0.0,0.0,0.0,2520,464,229,258,1456,719,1368,51.3,0,0,0,0,0,0,0.0,0.0,0.0,2520,464,229,258,1456,719,1368,51.3,0,0,0,0,0,0
KE037201,0.0,0.0,0.0,0,0,0,0,0,0,0,0,0,0,0,0,0,0,0.0,0.0,0.0,0,0,0,0,0,0,0,0,0,0,0,0,0,0,0.0,0.0,0.0,0,0,0,0,0,0,0,0,0,0,0,0,0,0,0.0,0.0,0.0,0,0,0,0,0,0,0,0,0,0,0,0,0,0
KE003016,0.0,0.0,0.0,31197,7880,3896,1718,21539,10718,17091,60.96,4,4,50,1,20,1,0.0,0.0,0.0,32213,8137,4023,1774,22241,11067,17647,60.96,4,4,50,1,20,1,0.0,0.0,0.0,32967,8327,4117,1815,22761,11326,18060,60.96,8,7,50,1,20,1,0.0,0.0,0.0,33474,8455,4180,1843,23112,11501,18338,60.96,8,7,50,1,20,1
KE009043,0.0,0.0,0.0,9192,3123,1535,321,8565,4109,4429,84.88,0,0,0,0,0,0,0.0,0.0,0.0,16205,5506,2707,567,15100,7244,7807,84.88,0,0,0,0,0,0,0.0,0.0,0.0,16227,5514,2711,567,15120,7254,7818,84.88,0,0,0,0,0,0,0.0,0.0,0.0,16628,5650,2778,581,15494,7433,8011,84.88,0,0,0,0,0,0
KE009041,0.0,0.0,0.0,2784,1002,521,69,2901,1425,1224,103.07,0,0,0,0,0,0,0.0,0.0,0.0,4398,1588,819,110,4648,2257,1926,104.05,0,0,0,0,0,0,0.0,0.0,0.0,4400,1589,820,110,4649,2258,1927,104.05,0,0,0,0,0,0,0.0,0.0,0.0,4401,1589,820,110,4650,2258,1927,104.05,0,0,0,0,0,0
KE009042,0.0,0.0,0.0,4726,1745,1003,96,4749,2613,1938,113.78,0,0,0,0,0,0,0.0,0.0,0.0,4727,1745,1004,96,4750,2613,1939,113.78,0,0,0,0,0,0,0.0,0.0,0.0,4727,1745,1004,96,4750,2613,1939,113.78,0,0,0,0,0,0,0.0,0.0,0.0,6304,2296,1327,126,6278,3482,2591,114.02,0,0,0,0,0,0
KE009039,0.0,0.0,0.0,521,218,116,11,560,291,212,125.63,0,0,0,0,0,0,0.0,0.0,0.0,524,219,117,11,563,293,213,125.55,0,0,0,0,0,0,0.0,0.0,0.0,524,219,117,11,563,293,213,125.55,0,0,0,0,0,0,0.0,0.0,0.0,524,219,117,11,563,293,213,125.55,0,0,0,0,0,0
KE014063,0.0,0.0,0.0,0,0,0,0,0,0,0,0,0,0,0,0,0,0,0.0,0.0,0.0,0,0,0,0,0,0,0,0,0,0,0,0,0,0,0.0,0.0,0.0,0,0,0,0,0,0,0,0,0,0,0,0,0,0,0.0,0.0,0.0,0,0,0,0,0,0,0,0,0,0,0,0,0,0
KE021108,0.0,0.0,0.0,240,49,25,27,140,70,124,53.5,0,0,0,0,0,0,0.0,0.0,0.0,240,49,25,27,140,70,124,53.5,0,0,0,0,0,0,0.0,0.0,0.0,240,49,25,27,140,70,124,53.5,0,0,0,0,0,0,0.0,0.0,0.0,240,49,25,27,140,70,124,53.5,0,0,0,0,0,0
KE028147,0.0,0.0,0.0,0,0,0,0,0,0,0,92.86,0,0,0,0,0,0,0.0,0.0,0.0,0,0,0,0,0,0,0,92.86,0,0,0,0,0,0,0.0,0.0,0.0,0,0,0,0,0,0,0,92.86,0,0,0,0,0,0,0.0,0.0,0.0,0,0,0,0,0,0,0,92.86,0,0,0,0,0,0
KE028148,0.0,0.0,0.0,178,48,24,11,138,68,90,71.08,0,0,0,0,0,0,0.0,0.0,0.0,178,48,24,11,138,68,90,71.08,0,0,0,0,0,0,0.0,0.0,0.0,178,48,24,11,138,68,90,71.08,0,0,0,0,0,0,0.0,0.0,0.0,178,48,24,11,138,68,90,71.08,0,0,0,0,0,0
KE016075,0.0,0.0,0.0,820,168,83,86,519,255,421,59.01,0,0,0,0,0,0,0.0,0.0,0.0,820,168,83,86,519,255,421,59.01,0,0,0,0,0,0,0.0,0.0,0.0,820,168,83,86,519,255,421,59.01,0,0,0,0,0,0,0.0,0.0,0.0,847,173,86,89,535,264,435,59.05,0,0,0,0,0,0
KE040228,0.0,0.0,0.0,1269,296,148,73,879,445,670,62.81,0,0,0,0,0,0,0.0,0.0,0.0,1269,296,148,73,879,445,670,62.81,0,0,0,0,0,0,0.0,0.0,0.0,1269,296,148,73,879,445,670,62.81,0,0,0,0,0,0,0.0,0.0,0.0,1269,296,148,73,879,445,670,62.81,0,0,0,0,0,0
KE047290,0.0,0.0,0.0,0,0,0,0,0,0,0,0,0,0,0,0,0,0,0.0,0.0,0.0,0,0,0,0,0,0,0,0,0,0,0,0,0,0,0.0,0.0,0.0,0,0,0,0,0,0,0,0,0,0,0,0,0,0,0.0,0.0,0.0,0,0,0,0,0,0,0,0,0,0,0,0,0,0
KE021105,0.0,0.0,0.0,0,0,0,0,0,0,0,0,0,0,0,0,0,0,0.0,0.0,0.0,0,0,0,0,0,0,0,0,0,0,0,0,0,0,0.0,0.0,0.0,0,0,0,0,0,0,0,0,0,0,0,0,0,0,0.0,0.0,0.0,0,0,0,0,0,0,0,0,0,0,0,0,0,0
KE019096,0.0,0.0,0.0,0,0,0,0,0,0,0,0,0,0,0,0,0,0,0.0,0.0,0.0,0,0,0,0,0,0,0,0,0,0,0,0,0,0,0.0,0.0,0.0,0,0,0,0,0,0,0,0,0,0,0,0,0,0,0.0,0.0,0.0,0,0,0,0,0,0,0,0,0,0,0,0,0,0
KE002009,0.0,0.0,0.0,1287,345,171,74,923,458,697,63.59,0,0,0,0,0,0,0.0,0.0,0.0,1462,390,193,86,1051,521,787,64.24,0,0,0,0,0,0,0.0,0.0,0.0,1551,413,204,93,1117,553,832,64.55,0,0,0,0,0,0,0.0,0.0,0.0,1704,453,224,104,1230,609,910,65.05,0,0,0,0,0,0
KE037206,0.0,0.0,0.0,0,0,0,0,0,0,0,0,0,0,0,0,0,0,0.0,0.0,0.0,154,35,17,11,111,56,77,70.62,0,0,0,0,0,0,0.0,0.0,0.0,154,35,17,11,111,56,77,70.62,0,0,0,0,0,0,0.0,0.0,0.0,154,35,17,11,111,56,77,70.62,0,0,0,0,0,0
KE016078,0.0,0.0,0.0,904,186,92,71,521,260,504,47.8,0,0,0,0,0,0,0.0,0.0,0.0,1080,220,110,86,622,310,600,48.02,0,0,0,0,0,0,0.0,0.0,0.0,1460,306,152,102,841,420,834,47.25,0,0,0,0,0,0,0.0,0.0,0.0,1573,329,163,111,906,452,897,47.26,0,0,0,0,0,0
KE016080,0.0,0.0,0.0,7923,1793,884,188,4289,2136,5249,37.88,0,0,0,0,0,0,0.0,0.0,0.0,7928,1794,885,188,4292,2137,5252,37.88,0,0,0,0,0,0,0.0,0.0,0.0,7928,1794,885,188,4292,2137,5252,37.88,0,0,0,0,0,0,0.0,0.0,0.0,7941,1797,886,189,4299,2141,5261,37.88,0,0,0,0,0,0
KE017083,0.0,0.0,0.0,606,109,54,73,356,174,312,55.94,0,0,0,0,0,0,0.0,0.0,0.0,811,146,72,99,475,233,417,56.0,0,0,0,0,0,0,0.0,0.0,0.0,811,146,72,99,475,233,417,56.0,0,0,0,0,0,0,0.0,0.0,0.0,862,155,76,104,506,248,443,56.07,0,0,0,0,0,0
KE030161,0.0,0.0,0.0,605,166,81,43,463,227,307,70.17,0,0,0,0,0,0,0.0,0.0,0.0,720,198,97,51,551,271,365,70.23,0,0,0,0,0,0,0.0,0.0,0.0,760,209,102,54,582,286,385,70.24,0,0,0,0,0,0,0.0,0.0,0.0,762,209,102,54,584,286,387,70.25,0,0,0,0,0,0
KE027143,0.0,0.0,0.0,180,41,21,9,112,56,106,50.19,0,0,0,0,0,0,0.0,0.0,0.0,315,72,36,15,195,97,186,50.01,0,0,0,0,0,0,0.0,0.0,0.0,315,72,36,15,195,97,186,50.01,0,0,0,0,0,0,0.0,0.0,0.0,315,72,36,15,195,97,186,50.01,0,0,0,0,0,0
KE032166,0.0,0.0,0.0,0,0,0,0,0,0,0,0,0,0,0,0,0,0,0.0,0.0,0.0,0,0,0,0,0,0,0,0,0,0,0,0,0,0,0.0,0.0,0.0,0,0,0,0,0,0,0,0,0,0,0,0,0,0,0.0,0.0,0.0,0,0,0,0,0,0,0,0,0,0,0,0,0,0
KE029156,0.0,0.0,0.0,1110,257,127,82,783,387,579,64.44,0,0,0,0,0,0,0.0,0.0,0.0,1110,257,127,82,783,387,579,64.44,0,0,0,0,0,0,0.0,0.0,0.0,1110,257,127,82,783,387,579,64.44,0,0,0,0,0,0,0.0,0.0,0.0,1110,257,127,82,783,387,579,64.44,0,0,0,0,0,0
KE010045,0.0,0.0,0.0,57,19,9,3,54,26,25,91.19,0,0,0,0,0,0,0.0,0.0,0.0,59,19,10,3,56,27,26,91.17,0,0,0,0,0,0,0.0,0.0,0.0,59,20,10,3,56,28,26,91.17,0,0,0,0,0,0,0.0,0.0,0.0,61,20,10,3,58,28,27,91.19,0,0,0,0,0,0
KE002007,0.0,0.0,0.0,1467,360,177,81,951,474,845,53.47,3,1,0,0,0,0,0.0,0.0,0.0,1779,436,215,99,1154,575,1025,53.46,3,1,0,0,0,0,0.0,0.0,0.0,1779,436,215,99,1154,575,1025,53.46,3,1,0,0,0,0,0.0,0.0,0.0,2023,496,244,112,1311,653,1165,53.45,3,1,0,0,0,0
KE039216,0.0,0.0,0.0,0,0,0,0,0,0,0,0,0,0,0,0,0,0,0.0,0.0,0.0,0,0,0,0,0,0,0,0,0,0,0,0,0,0,0.0,0.0,0.0,0,0,0,0,0,0,0,0,0,0,0,0,0,0,0.0,0.0,0.0,0,0,0,0,0,0,0,0,0,0,0,0,0,0
KE042243,0.0,0.0,0.0,3196,749,377,234,2340,1172,1599,67.7,0,0,0,0,0,0,0.0,0.0,0.0,4521,1060,534,331,3312,1659,2262,67.68,0,0,0,0,0,0,0.0,0.0,0.0,4984,1168,589,365,3651,1829,2493,67.68,0,0,0,0,0,0,0.0,0.0,0.0,5697,1336,673,417,4174,2091,2850,67.68,0,0,0,0,0,0
KE019098,0.0,0.0,0.0,278,47,23,40,139,69,142,48.81,0,0,0,0,0,0,0.0,0.0,0.0,278,47,23,40,139,69,142,48.81,0,0,0,0,0,0,0.0,0.0,0.0,278,47,23,40,139,69,142,48.81,0,0,0,0,0,0,0.0,0.0,0.0,278,47,23,40,139,69,142,48.81,0,0,0,0,0,0
KE037205,0.0,0.0,0.0,214,51,26,14,163,82,104,77.38,0,0,0,0,0,0,0.0,0.0,0.0,351,84,43,22,268,135,170,77.86,0,0,0,0,0,0,0.0,0.0,0.0,351,84,43,22,268,135,170,77.86,0,0,0,0,0,0,0.0,0.0,0.0,351,84,43,22,268,135,170,77.86,0,0,0,0,0,0
KE037204,0.0,0.0,0.0,1340,307,153,93,968,487,672,71.19,7,1,0,0,0,0,0.0,0.0,0.0,1340,307,153,93,968,487,672,71.19,7,1,0,0,0,0,0.0,0.0,0.0,1340,307,153,93,968,487,672,71.19,7,1,0,0,0,0,0.0,0.0,0.0,2394,547,273,166,1725,867,1203,70.96,7,1,0,0,0,0
KE001006,0.0,0.0,0.0,1600,344,171,60,847,424,1033,38.79,0,0,0,0,0,0,0.0,0.0,0.0,6167,1182,579,401,3064,1523,3784,39.53,0,0,0,0,0,0,0.0,0.0,0.0,6167,1182,579,401,3064,1523,3784,39.53,0,0,0,0,0,0,0.0,0.0,0.0,6167,1182,579,401,3064,1523,3784,39.53,0,0,0,0,0,0
KE016082,0.0,0.0,0.0,638,117,58,72,372,184,332,54.01,0,0,0,0,0,0,0.0,0.0,0.0,706,129,64,81,411,203,367,54.0,0,0,0,0,0,0,0.0,0.0,0.0,706,129,64,81,411,203,367,54.0,0,0,0,0,0,0,0.0,0.0,0.0,724,133,66,83,421,208,376,53.99,0,0,0,0,0,0
KE006025,0.0,0.0,0.0,27,6,3,2,17,9,15,51.68,0,0,0,0,0,0,0.0,0.0,0.0,30,7,3,2,19,9,17,51.46,0,0,0,0,0,0,0.0,0.0,0.0,30,7,3,2,19,9,17,51.46,0,0,0,0,0,0,0.0,0.0,0.0,30,7,3,2,19,9,17,51.46,0,0,0,0,0,0
KE020100,0.0,0.0,0.0,1513,281,138,121,779,385,886,42.11,0,0,0,0,0,0,0.0,0.0,0.0,1513,281,138,121,779,385,886,42.11,0,0,0,0,0,0,0.0,0.0,0.0,1513,281,138,121,779,385,886,42.11,0,0,0,0,0,0,0.0,0.0,0.0,1513,281,138,121,779,385,886,42.11,0,0,0,0,0,0
KE015069,0.0,0.0,0.0,56,13,6,6,42,21,27,79.14,0,0,0,0,0,0,0.0,0.0,0.0,64,14,7,6,47,24,31,79.16,0,0,0,0,0,0,0.0,0.0,0.0,103,23,12,10,76,38,50,79.24,0,0,0,0,0,0,0.0,0.0,0.0,121,27,13,12,89,44,58,79.02,0,0,0,0,0,0
KE015067,0.0,0.0,0.0,262,58,29,25,189,95,130,74.62,0,0,0,0,0,0,0.0,0.0,0.0,291,65,32,28,210,105,144,74.67,0,0,0,0,0,0,0.0,0.0,0.0,302,67,34,29,218,109,150,74.49,0,0,0,0,0,0,0.0,0.0,0.0,323,72,36,31,233,117,161,74.4,0,0,0,0,0,0
KE015068,0.0,0.0,0.0,104,21,11,11,66,33,54,62.36,0,0,0,0,0,0,0.0,0.0,0.0,104,21,11,11,66,33,54,62.36,0,0,0,0,0,0,0.0,0.0,0.0,104,21,11,11,66,33,54,62.36,0,0,0,0,0,0,0.0,0.0,0.0,104,21,11,11,66,33,54,62.36,0,0,0,0,0,0
KE032168,0.0,0.0,0.0,1151,271,133,54,707,351,686,48.34,7,1,0,0,0,0,0.0,0.0,0.0,1160,273,134,55,713,354,692,48.34,7,1,0,0,0,0,0.0,0.0,0.0,1160,273,134,55,713,354,692,48.34,7,1,0,0,0,0,0.0,0.0,0.0,1160,273,134,55,713,354,692,48.34,7,1,0,0,0,0
KE032176,0.0,0.0,0.0,2,0,0,0,1,0,1,43.09,0,0,0,0,0,0,0.0,0.0,0.0,2,0,0,0,1,0,1,43.09,0,0,0,0,0,0,0.0,0.0,0.0,2,0,0,0,1,0,1,43.09,0,0,0,0,0,0,0.0,0.0,0.0,2,0,0,0,1,0,1,43.09,0,0,0,0,0,0
KE032175,0.0,0.0,0.0,0,0,0,0,0,0,0,43.09,0,0,0,0,0,0,0.0,0.0,0.0,0,0,0,0,0,0,0,43.09,0,0,0,0,0,0,0.0,0.0,0.0,0,0,0,0,0,0,0,43.09,0,0,0,0,0,0,0.0,0.0,0.0,0,0,0,0,0,0,0,43.09,0,0,0,0,0,0
KE040227,0.0,0.0,0.0,186,44,22,12,137,70,92,73.82,0,0,0,0,0,0,0.0,0.0,0.0,186,44,22,12,137,70,92,73.82,0,0,0,0,0,0,0.0,0.0,0.0,186,44,22,12,137,70,92,73.82,0,0,0,0,0,0,0.0,0.0,0.0,186,44,22,12,137,70,92,73.82,0,0,0,0,0,0
KE029153,0.0,0.0,0.0,0,0,0,0,0,0,0,0,0,0,0,0,0,0,0.0,0.0,0.0,0,0,0,0,0,0,0,0,0,0,0,0,0,0,0.0,0.0,0.0,0,0,0,0,0,0,0,0,0,0,0,0,0,0,0.0,0.0,0.0,0,0,0,0,0,0,0,0,0,0,0,0,0,0
KE033180,0.0,0.0,0.0,61,19,10,3,55,27,29,86.41,0,0,0,0,0,0,0.0,0.0,0.0,61,19,10,3,55,27,29,86.41,0,0,0,0,0,0,0.0,0.0,0.0,61,19,10,3,55,27,29,86.41,0,0,0,0,0,0,0.0,0.0,0.0,61,19,10,3,55,27,29,86.41,0,0,0,0,0,0
KE033179,0.0,0.0,0.0,1878,585,289,70,1559,771,961,73.87,0,0,0,0,0,0,0.0,0.0,0.0,1894,590,292,71,1572,778,969,73.86,0,0,0,0,0,0,0.0,0.0,0.0,1894,590,292,71,1572,778,969,73.86,0,0,0,0,0,0,0.0,0.0,0.0,1900,592,293,71,1577,780,972,73.85,0,0,0,0,0,0
KE033181,0.0,0.0,0.0,91,30,15,4,81,40,43,86.03,1,1,0,0,0,0,0.0,0.0,0.0,135,44,22,6,120,60,64,86.96,1,1,0,0,0,0,0.0,0.0,0.0,135,44,22,6,120,60,64,86.96,1,1,0,0,0,0,0.0,0.0,0.0,135,44,22,6,120,60,64,86.96,1,1,0,0,0,0
KE033182,0.0,0.0,0.0,3313,1056,521,152,2926,1441,1581,87.96,0,0,0,0,0,0,0.0,0.0,0.0,3337,1064,525,153,2948,1451,1592,87.99,0,0,0,0,0,0,0.0,0.0,0.0,3365,1073,529,154,2973,1464,1606,87.98,0,0,0,0,0,0,0.0,0.0,0.0,3395,1083,534,155,3000,1477,1620,88.01,0,0,0,0,0,0
KE037203,0.0,0.0,0.0,294,70,35,19,224,112,146,75.44,0,0,0,0,0,0,0.0,0.0,0.0,294,70,35,19,224,112,146,75.44,0,0,0,0,0,0,0.0,0.0,0.0,438,105,52,26,327,164,222,72.13,0,0,0,0,0,0,0.0,0.0,0.0,438,105,52,26,327,164,222,72.13,0,0,0,0,0,0
KE018093,0.0,0.0,0.0,124,25,12,14,74,36,62,57.12,0,0,0,0,0,0,0.0,0.0,0.0,124,25,12,14,74,36,62,57.12,0,0,0,0,0,0,0.0,0.0,0.0,124,25,12,14,74,36,62,57.12,0,0,0,0,0,0,0.0,0.0,0.0,124,25,12,14,74,36,62,57.12,0,0,0,0,0,0
KE043250,0.0,0.0,0.0,1171,330,165,77,951,476,556,85.15,0,0,0,0,0,0,0.0,0.0,0.0,1171,330,165,77,951,476,556,85.15,0,0,0,0,0,0,0.0,0.0,0.0,1171,330,165,77,951,476,556,85.15,0,0,0,0,0,0,0.0,0.0,0.0,1216,343,171,80,988,494,577,85.2,0,0,0,0,0,0
KE020102,0.0,0.0,0.0,2226,396,197,209,1144,569,1266,43.99,0,0,0,0,0,0,0.0,0.0,0.0,2728,484,240,266,1394,694,1540,44.2,0,0,0,0,0,0,0.0,0.0,0.0,2728,484,240,266,1394,694,1540,44.2,0,0,0,0,0,0,0.0,0.0,0.0,2728,484,240,266,1394,694,1540,44.2,0,0,0,0,0,0
KE013060,0.0,0.0,0.0,226,47,23,25,142,70,118,59.53,0,0,0,0,0,0,0.0,0.0,0.0,226,47,23,25,142,70,118,59.53,0,0,0,0,0,0,0.0,0.0,0.0,226,47,23,25,142,70,118,59.53,0,0,0,0,0,0,0.0,0.0,0.0,226,47,23,25,142,70,118,59.53,0,0,0,0,0,0
KE032167,0.0,0.0,0.0,0,0,0,0,0,0,0,0,0,0,0,0,0,0,0.0,0.0,0.0,0,0,0,0,0,0,0,0,0,0,0,0,0,0,0.0,0.0,0.0,0,0,0,0,0,0,0,0,0,0,0,0,0,0,0.0,0.0,0.0,0,0,0,0,0,0,0,0,0,0,0,0,0,0
KE010046,0.0,0.0,0.0,682,190,91,39,620,285,339,66.26,0,0,0,0,0,0,0.0,0.0,0.0,262,74,35,15,237,110,130,67.2,0,0,0,0,0,0,0.0,0.0,0.0,264,74,35,15,238,110,131,67.18,0,0,0,0,0,0,0.0,0.0,0.0,296,83,40,17,265,123,147,67.09,0,0,0,0,0,0
KE012056,0.0,0.0,0.0,0,0,0,0,0,0,0,0,0,0,0,0,0,0,0.0,0.0,0.0,0,0,0,0,0,0,0,0,0,0,0,0,0,0,0.0,0.0,0.0,0,0,0,0,0,0,0,0,0,0,0,0,0,0,0.0,0.0,0.0,0,0,0,0,0,0,0,0,0,0,0,0,0,0
KE046272,0.0,0.0,0.0,129,27,13,10,90,45,68,66.07,0,0,0,0,0,0,0.0,0.0,0.0,129,27,13,10,90,45,68,66.07,0,0,0,0,0,0,0.0,0.0,0.0,129,27,13,10,90,45,68,66.07,0,0,0,0,0,0,0.0,0.0,0.0,259,55,27,19,181,90,136,65.89,0,0,0,0,0,0
KE042244,0.0,0.0,0.0,1108,249,125,105,789,394,537,74.09,3,1,0,0,0,0,0.0,0.0,0.0,1480,332,166,140,1054,525,716,74.08,3,1,0,0,0,0,0.0,0.0,0.0,1480,332,166,140,1054,525,716,74.08,3,1,0,0,0,0,0.0,0.0,0.0,1501,336,169,142,1068,533,727,74.08,7,2,0,0,0,0
KE001004,0.0,0.0,0.0,1749,385,191,59,944,472,1133,39.23,0,0,0,0,0,0,0.0,0.0,0.0,1749,385,191,59,944,472,1133,39.23,0,0,0,0,0,0,0.0,0.0,0.0,1749,385,191,59,944,472,1133,39.23,0,0,0,0,0,0,0.0,0.0,0.0,3127,689,342,105,1689,845,2025,39.28,0,0,0,0,0,0
KE042242,0.0,0.0,0.0,8905,1981,992,703,6237,3105,4500,68.82,0,0,0,0,0,0,0.0,0.0,0.0,11502,2559,1281,908,8054,4010,5812,68.82,0,0,0,0,0,0,0.0,0.0,0.0,12817,2852,1427,1011,8977,4470,6477,68.81,0,0,0,0,0,0,0.0,0.0,0.0,15842,3525,1764,1250,11094,5524,8006,68.81,0,0,0,0,0,0
KE045267,0.0,0.0,0.0,0,0,0,0,0,0,0,0,0,0,0,0,0,0,0.0,0.0,0.0,0,0,0,0,0,0,0,0,0,0,0,0,0,0,0.0,0.0,0.0,0,0,0,0,0,0,0,0,0,0,0,0,0,0,0.0,0.0,0.0,0,0,0,0,0,0,0,0,0,0,0,0,0,0
KE045266,0.0,0.0,0.0,0,0,0,0,0,0,0,0,0,0,0,0,0,0,0.0,0.0,0.0,0,0,0,0,0,0,0,0,0,0,0,0,0,0,0.0,0.0,0.0,0,0,0,0,0,0,0,0,0,0,0,0,0,0,0.0,0.0,0.0,0,0,0,0,0,0,0,0,0,0,0,0,0,0
KE044258,0.0,0.0,0.0,5318,1488,747,314,4173,2095,2652,79.08,0,0,0,0,0,0,0.0,0.0,0.0,6300,1764,885,372,4945,2482,3142,79.08,0,0,0,0,0,0,0.0,0.0,0.0,6589,1844,926,389,5171,2596,3286,79.08,0,0,0,0,0,0,0.0,0.0,0.0,7101,1988,998,420,5573,2798,3541,79.08,0,0,0,0,0,0
KE019099,0.0,0.0,0.0,0,0,0,0,0,0,0,0,0,0,0,0,0,0,0.0,0.0,0.0,0,0,0,0,0,0,0,0,0,0,0,0,0,0,0.0,0.0,0.0,0,0,0,0,0,0,0,0,0,0,0,0,0,0,0.0,0.0,0.0,176,33,16,18,86,42,100,42.08,0,0,0,0,0,0
KE018092,0.0,0.0,0.0,298,61,30,26,176,86,160,51.77,0,0,0,0,0,0,0.0,0.0,0.0,298,61,30,26,176,86,160,51.77,0,0,0,0,0,0,0.0,0.0,0.0,298,61,30,26,176,86,160,51.77,0,0,0,0,0,0,0.0,0.0,0.0,298,61,30,26,176,86,160,51.77,0,0,0,0,0,0
KE018091,0.0,0.0,0.0,0,0,0,0,0,0,0,0,0,0,0,0,0,0,0.0,0.0,0.0,0,0,0,0,0,0,0,0,0,0,0,0,0,0,0.0,0.0,0.0,0,0,0,0,0,0,0,0,0,0,0,0,0,0,0.0,0.0,0.0,0,0,0,0,0,0,0,0,0,0,0,0,0,0
KE019097,0.0,0.0,0.0,0,0,0,0,0,0,0,0,0,0,0,0,0,0,0.0,0.0,0.0,0,0,0,0,0,0,0,0,0,0,0,0,0,0,0.0,0.0,0.0,0,0,0,0,0,0,0,0,0,0,0,0,0,0,0.0,0.0,0.0,0,0,0,0,0,0,0,0,0,0,0,0,0,0
KE024132,0.0,0.0,0.0,167,59,29,9,153,76,76,94.77,0,0,0,0,0,0,0.0,0.0,0.0,167,59,29,9,153,76,76,94.77,0,0,0,0,0,0,0.0,0.0,0.0,167,59,29,9,153,76,76,94.77,0,0,0,0,0,0,0.0,0.0,0.0,167,59,29,9,153,76,76,94.77,0,0,0,0,0,0
KE003014,0.0,0.0,0.0,0,0,0,0,0,0,0,0,0,0,0,0,0,0,0.0,0.0,0.0,0,0,0,0,0,0,0,0,0,0,0,0,0,0,0.0,0.0,0.0,0,0,0,0,0,0,0,0,0,0,0,0,0,0,0.0,0.0,0.0,0,0,0,0,0,0,0,0,0,0,0,0,0,0
KE043248,0.0,0.0,0.0,74,18,9,6,55,28,36,78.4,0,0,0,0,0,0,0.0,0.0,0.0,74,18,9,6,55,28,36,78.4,0,0,0,0,0,0,0.0,0.0,0.0,74,18,9,6,55,28,36,78.4,0,0,0,0,0,0,0.0,0.0,0.0,74,18,9,6,55,28,36,78.4,0,0,0,0,0,0
KE041237,0.0,0.0,0.0,543,123,62,52,381,191,263,72.21,0,0,0,0,0,0,0.0,0.0,0.0,543,123,62,52,381,191,263,72.21,0,0,0,0,0,0,0.0,0.0,0.0,543,123,62,52,381,191,263,72.21,0,0,0,0,0,0,0.0,0.0,0.0,543,123,62,52,381,191,263,72.21,0,0,0,0,0,0
KE032173,0.0,0.0,0.0,1332,332,164,89,922,455,713,60.47,0,0,0,0,0,0,0.0,0.0,0.0,1581,392,193,105,1087,536,848,59.93,0,0,0,0,0,0,0.0,0.0,0.0,1581,392,193,105,1087,536,848,59.93,0,0,0,0,0,0,0.0,0.0,0.0,1581,392,193,105,1087,536,848,59.93,0,0,0,0,0,0
KE044253,0.0,0.0,0.0,270,67,34,15,200,101,139,72.01,0,0,0,0,0,0,0.0,0.0,0.0,270,67,34,15,200,101,139,72.01,0,0,0,0,0,0,0.0,0.0,0.0,270,67,34,15,200,101,139,72.01,0,0,0,0,0,0,0.0,0.0,0.0,270,67,34,15,200,101,139,72.01,0,0,0,0,0,0
KE047279,0.0,0.0,0.0,0,0,0,0,0,0,0,0,0,0,0,0,0,0,0.0,0.0,0.0,0,0,0,0,0,0,0,0,0,0,0,0,0,0,0.0,0.0,0.0,0,0,0,0,0,0,0,0,0,0,0,0,0,0,0.0,0.0,0.0,0,0,0,0,0,0,0,0,0,0,0,0,0,0
KE047281,0.0,0.0,0.0,0,0,0,0,0,0,0,0,0,0,0,0,0,0,0.0,0.0,0.0,0,0,0,0,0,0,0,0,0,0,0,0,0,0,0.0,0.0,0.0,0,0,0,0,0,0,0,0,0,0,0,0,0,0,0.0,0.0,0.0,0,0,0,0,0,0,0,0,0,0,0,0,0,0
KE022115,0.0,0.0,0.0,960,216,107,23,509,255,632,38.96,0,0,0,0,0,0,0.0,0.0,0.0,960,216,107,23,509,255,632,38.96,0,0,0,0,0,0,0.0,0.0,0.0,960,216,107,23,509,255,632,38.96,0,0,0,0,0,0,0.0,0.0,0.0,960,216,107,23,509,255,632,38.96,0,0,0,0,0,0
KE014064,0.0,0.0,0.0,0,0,0,0,0,0,0,0,0,0,0,0,0,0,0.0,0.0,0.0,0,0,0,0,0,0,0,0,0,0,0,0,0,0,0.0,0.0,0.0,0,0,0,0,0,0,0,0,0,0,0,0,0,0,0.0,0.0,0.0,0,0,0,0,0,0,0,0,0,0,0,0,0,0
KE038212,0.0,0.0,0.0,0,0,0,0,0,0,0,0,0,0,0,0,0,0,0.0,0.0,0.0,0,0,0,0,0,0,0,0,0,0,0,0,0,0,0.0,0.0,0.0,0,0,0,0,0,0,0,0,0,0,0,0,0,0,0.0,0.0,0.0,0,0,0,0,0,0,0,0,0,0,0,0,0,0
KE026138,0.0,0.0,0.0,0,0,0,0,0,0,0,0,0,0,0,0,0,0,0.0,0.0,0.0,0,0,0,0,0,0,0,0,0,0,0,0,0,0,0.0,0.0,0.0,0,0,0,0,0,0,0,0,0,0,0,0,0,0,0.0,0.0,0.0,0,0,0,0,0,0,0,0,0,0,0,0,0,0
KE010047,0.0,0.0,0.0,79,23,12,4,64,32,39,71.66,0,0,0,0,0,0,0.0,0.0,0.0,79,23,12,4,64,32,39,71.66,0,0,0,0,0,0,0.0,0.0,0.0,79,23,12,4,64,32,39,71.66,0,0,0,0,0,0,0.0,0.0,0.0,79,23,12,4,64,32,39,71.66,0,0,0,0,0,0
KE025135,0.0,0.0,0.0,63,20,10,3,52,26,31,79.52,0,0,0,0,0,0,0.0,0.0,0.0,63,20,10,3,52,26,31,79.53,0,0,0,0,0,0,0.0,0.0,0.0,63,20,10,3,52,26,31,79.53,0,0,0,0,0,0,0.0,0.0,0.0,900,289,143,47,769,382,435,85.3,0,0,0,0,0,0
KE025134,0.0,0.0,0.0,3,1,1,0,3,1,1,92.11,0,0,0,0,0,0,0.0,0.0,0.0,4,1,1,0,4,2,2,92.97,0,0,0,0,0,0,0.0,0.0,0.0,4,1,1,0,4,2,2,92.97,0,0,0,0,0,0,0.0,0.0,0.0,4,1,1,0,4,2,2,92.97,0,0,0,0,0,0
KE025133,0.0,0.0,0.0,140,44,22,7,124,61,67,85.04,0,0,0,0,0,0,0.0,0.0,0.0,140,44,22,7,124,61,67,85.04,0,0,0,0,0,0,0.0,0.0,0.0,140,44,22,7,124,61,67,85.04,0,0,0,0,0,0,0.0,0.0,0.0,140,44,22,7,124,61,67,85.04,0,0,0,0,0,0
KE042241,0.0,0.0,0.0,154,35,18,15,109,54,73,74.64,0,0,0,0,0,0,0.0,0.0,0.0,154,35,18,15,109,54,73,74.64,0,0,0,0,0,0,0.0,0.0,0.0,154,35,18,15,109,54,73,74.64,0,0,0,0,0,0,0.0,0.0,0.0,154,35,18,15,109,54,73,74.64,0,0,0,0,0,0
KE037209,0.0,0.0,0.0,0,0,0,0,0,0,0,67.18,0,0,0,0,0,0,0.0,0.0,0.0,0,0,0,0,0,0,0,67.18,0,0,0,0,0,0,0.0,0.0,0.0,0,0,0,0,0,0,0,67.18,0,0,0,0,0,0,0.0,0.0,0.0,0,0,0,0,0,0,0,67.18,0,0,0,0,0,0
KE014066,0.0,0.0,0.0,70,15,7,7,45,23,36,61.58,0,0,0,0,0,0,0.0,0.0,0.0,70,15,7,7,45,23,36,61.58,0,0,0,0,0,0,0.0,0.0,0.0,70,15,7,7,45,23,36,61.58,0,0,0,0,0,0,0.0,0.0,0.0,89,19,9,9,57,28,46,60.86,0,0,0,0,0,0
KE024130,0.0,0.0,0.0,235,82,41,13,219,108,106,96.07,0,0,0,0,0,0,0.0,0.0,0.0,241,84,41,13,224,110,109,95.99,0,0,0,0,0,0,0.0,0.0,0.0,241,84,41,13,224,110,109,95.99,0,0,0,0,0,0,0.0,0.0,0.0,244,85,42,14,228,112,111,95.89,0,0,0,0,0,0
KE035193,0.0,0.0,0.0,322,74,37,22,234,116,166,66.41,0,0,0,0,0,0,0.0,0.0,0.0,322,74,37,22,234,116,166,66.41,0,0,0,0,0,0,0.0,0.0,0.0,322,74,37,22,234,116,166,66.41,0,0,0,0,0,0,0.0,0.0,0.0,322,74,37,22,234,116,166,66.41,0,0,0,0,0,0
KE039217,0.0,0.0,0.0,0,0,0,0,0,0,0,0,0,0,0,0,0,0,0.0,0.0,0.0,0,0,0,0,0,0,0,0,0,0,0,0,0,0,0.0,0.0,0.0,0,0,0,0,0,0,0,0,0,0,0,0,0,0,0.0,0.0,0.0,0,0,0,0,0,0,0,0,0,0,0,0,0,0
KE036194,0.0,0.0,0.0,1376,328,162,83,1007,501,718,66.87,0,0,0,0,0,0,0.0,0.0,0.0,1376,328,162,83,1007,501,718,66.87,0,0,0,0,0,0,0.0,0.0,0.0,1376,328,162,83,1007,501,718,66.87,0,0,0,0,0,0,0.0,0.0,0.0,1376,328,162,83,1007,501,718,66.87,0,0,0,0,0,0
KE012059,0.0,0.0,0.0,0,0,0,0,0,0,0,0,0,0,0,0,0,0,0.0,0.0,0.0,0,0,0,0,0,0,0,0,0,0,0,0,0,0,0.0,0.0,0.0,0,0,0,0,0,0,0,0,0,0,0,0,0,0,0.0,0.0,0.0,0,0,0,0,0,0,0,0,0,0,0,0,0,0
KE045262,0.0,0.0,0.0,0,0,0,0,0,0,0,0,0,0,0,0,0,0,0.0,0.0,0.0,0,0,0,0,0,0,0,0,0,0,0,0,0,0,0.0,0.0,0.0,0,0,0,0,0,0,0,0,0,0,0,0,0,0,0.0,0.0,0.0,0,0,0,0,0,0,0,0,0,0,0,0,0,0
KE027141,0.0,0.0,0.0,736,176,87,45,515,255,396,61.74,0,0,0,0,0,0,0.0,0.0,0.0,813,195,96,50,570,282,436,61.96,0,0,0,0,0,0,0.0,0.0,0.0,923,221,109,56,643,319,498,61.27,0,0,0,0,0,0,0.0,0.0,0.0,923,221,109,56,643,319,498,61.27,0,0,0,0,0,0
KE047289,0.0,0.0,0.0,0,0,0,0,0,0,0,0,0,0,0,0,0,0,0.0,0.0,0.0,0,0,0,0,0,0,0,0,0,0,0,0,0,0,0.0,0.0,0.0,0,0,0,0,0,0,0,0,0,0,0,0,0,0,0.0,0.0,0.0,0,0,0,0,0,0,0,0,0,0,0,0,0,0
KE043251,0.0,0.0,0.0,1799,454,229,111,1336,671,919,70.66,4,1,0,0,0,0,0.0,0.0,0.0,1833,463,233,113,1361,684,937,70.66,4,1,0,0,0,0,0.0,0.0,0.0,1859,470,236,114,1381,694,950,70.66,4,1,0,0,0,0,0.0,0.0,0.0,1875,474,238,115,1393,700,958,70.66,4,1,0,0,0,0
KE043252,0.0,0.0,0.0,325,89,44,21,257,128,161,78.28,0,0,0,0,0,0,0.0,0.0,0.0,926,254,126,58,731,365,459,78.28,0,0,0,0,0,0,0.0,0.0,0.0,957,263,131,60,756,377,475,78.28,0,0,0,0,0,0,0.0,0.0,0.0,970,267,133,61,767,382,481,78.28,0,0,0,0,0,0
KE032172,0.0,0.0,0.0,0,0,0,0,0,0,0,0,0,0,0,0,0,0,0.0,0.0,0.0,0,0,0,0,0,0,0,0,0,0,0,0,0,0,0.0,0.0,0.0,0,0,0,0,0,0,0,0,0,0,0,0,0,0,0.0,0.0,0.0,0,0,0,0,0,0,0,0,0,0,0,0,0,0
KE044255,0.0,0.0,0.0,1150,302,151,66,875,442,581,73.83,0,0,0,0,0,0,0.0,0.0,0.0,1150,302,151,66,875,442,581,73.83,0,0,0,0,0,0,0.0,0.0,0.0,1150,302,151,66,875,442,581,73.83,0,0,0,0,0,0,0.0,0.0,0.0,1150,302,151,66,875,442,581,73.83,0,0,0,0,0,0
KE044256,0.0,0.0,0.0,142,37,18,8,108,54,72,73.5,0,0,0,0,0,0,0.0,0.0,0.0,142,37,18,8,108,54,72,73.5,0,0,0,0,0,0,0.0,0.0,0.0,142,37,18,8,108,54,72,73.5,0,0,0,0,0,0,0.0,0.0,0.0,142,37,18,8,108,54,72,73.5,0,0,0,0,0,0
KE008035,0.0,0.0,0.0,588,216,123,12,580,316,249,107.85,0,0,0,0,0,0,0.0,0.0,0.0,915,332,189,19,894,488,391,106.61,0,0,0,0,0,0,0.0,0.0,0.0,915,332,189,19,893,488,391,106.61,0,0,0,0,0,0,0.0,0.0,0.0,587,216,123,12,580,316,249,107.85,0,0,0,0,0,0
KE006023,0.0,0.0,0.0,1270,304,151,88,830,411,698,52.59,0,0,0,0,0,0,0.0,0.0,0.0,1650,394,196,114,1077,534,906,52.58,0,0,0,0,0,0,0.0,0.0,0.0,1760,421,210,122,1149,569,967,52.58,0,0,0,0,0,0,0.0,0.0,0.0,1825,436,217,126,1192,591,1003,52.58,2,1,0,0,0,0
KE040225,0.0,0.0,0.0,1671,403,204,105,1222,617,847,70.13,0,0,0,0,0,0,0.0,0.0,0.0,1671,403,204,105,1222,617,847,70.13,0,0,0,0,0,0,0.0,0.0,0.0,1671,403,204,105,1222,617,847,70.13,0,0,0,0,0,0,0.0,0.0,0.0,1811,437,221,114,1324,669,918,70.13,0,0,0,0,0,0
KE040226,0.0,0.0,0.0,438,105,53,27,319,161,224,69.99,0,0,0,0,0,0,0.0,0.0,0.0,438,105,53,27,319,161,224,69.99,0,0,0,0,0,0,0.0,0.0,0.0,438,105,53,27,319,161,224,69.99,0,0,0,0,0,0,0.0,0.0,0.0,438,105,53,27,319,161,224,69.99,0,0,0,0,0,0
KE019094,0.0,0.0,0.0,222,37,18,38,110,54,108,51.55,0,0,0,0,0,0,0.0,0.0,0.0,222,37,18,38,110,54,108,51.55,0,0,0,0,0,0,0.0,0.0,0.0,222,37,18,38,110,54,108,51.55,0,0,0,0,0,0,0.0,0.0,0.0,222,37,18,38,110,54,108,51.55,0,0,0,0,0,0
KE013062,0.0,0.0,0.0,294,60,30,27,186,93,158,60.51,0,0,0,0,0,0,0.0,0.0,0.0,308,63,32,29,197,98,165,61.05,0,0,0,0,0,0,0.0,0.0,0.0,349,72,36,32,222,111,187,60.88,0,0,0,0,0,0,0.0,0.0,0.0,375,78,39,35,241,120,201,61.55,0,0,0,0,0,0
KE022114,0.0,0.0,0.0,854,180,89,69,493,247,472,48.11,0,0,0,0,0,0,0.0,0.0,0.0,1019,216,107,80,589,294,566,47.83,0,0,0,0,0,0,0.0,0.0,0.0,1252,265,131,96,722,361,697,47.57,0,0,0,0,0,0,0.0,0.0,0.0,1252,265,131,96,722,361,697,47.57,0,0,0,0,0,0
KE030157,0.0,0.0,0.0,1520,502,245,55,1482,705,713,94.73,0,0,0,0,0,0,0.0,0.0,0.0,2148,712,349,79,2099,998,1006,94.95,0,0,0,0,0,0,0.0,0.0,0.0,2157,715,350,80,2108,1002,1010,94.95,0,0,0,0,0,0,0.0,0.0,0.0,2173,721,353,80,2124,1010,1018,94.95,0,0,0,0,0,0
KE012055,0.0,0.0,0.0,0,0,0,0,0,0,0,0,0,0,0,0,0,0,0.0,0.0,0.0,0,0,0,0,0,0,0,0,0,0,0,0,0,0,0.0,0.0,0.0,0,0,0,0,0,0,0,0,0,0,0,0,0,0,0.0,0.0,0.0,0,0,0,0,0,0,0,0,0,0,0,0,0,0
KE012054,0.0,0.0,0.0,0,0,0,0,0,0,0,0,0,0,0,0,0,0,0.0,0.0,0.0,0,0,0,0,0,0,0,0,0,0,0,0,0,0,0.0,0.0,0.0,0,0,0,0,0,0,0,0,0,0,0,0,0,0,0.0,0.0,0.0,0,0,0,0,0,0,0,0,0,0,0,0,0,0
KE029151,0.0,0.0,0.0,212,54,26,13,162,80,109,68.07,0,0,0,0,0,0,0.0,0.0,0.0,212,54,26,13,162,80,109,68.07,0,0,0,0,0,0,0.0,0.0,0.0,212,54,26,13,162,80,109,68.07,0,0,0,0,0,0,0.0,0.0,0.0,212,54,26,13,162,80,109,68.07,0,0,0,0,0,0
KE039224,0.0,0.0,0.0,1132,264,132,75,830,414,555,70.57,0,0,0,0,0,0,0.0,0.0,0.0,1132,264,132,75,830,414,555,70.57,0,0,0,0,0,0,0.0,0.0,0.0,1350,316,158,89,991,494,661,70.72,0,0,0,0,0,0,0.0,0.0,0.0,1428,335,167,94,1050,524,699,70.87,0,0,0,0,0,0
KE027142,0.0,0.0,0.0,3271,753,376,159,2144,1074,1859,54.49,0,0,0,0,0,0,0.0,0.0,0.0,3271,753,376,159,2144,1074,1859,54.49,0,0,0,0,0,0,0.0,0.0,0.0,3422,788,393,166,2241,1122,1948,54.37,0,0,0,0,0,0,0.0,0.0,0.0,3422,788,393,166,2241,1122,1948,54.37,0,0,0,0,0,0
KE023125,0.0,0.0,0.0,19265,6134,3008,967,15854,7790,9740,76.26,31,10,0,0,0,0,0.0,0.0,0.0,22657,7215,3538,1137,18646,9162,11455,76.26,31,10,0,0,0,0,0.0,0.0,0.0,28472,9066,4446,1429,23431,11513,14395,76.26,34,11,0,0,0,0,0.0,0.0,0.0,28746,9154,4489,1443,23657,11624,14533,76.26,38,12,50,1,0,0
KE023128,0.0,0.0,0.0,17314,4035,1972,542,14701,6908,9292,63.64,0,0,0,0,0,0,0.0,0.0,0.0,20929,4877,2384,655,17770,8350,11232,63.64,0,0,0,0,0,0,0.0,0.0,0.0,21901,5104,2495,686,18595,8738,11753,63.64,0,0,0,0,0,0,0.0,0.0,0.0,24530,5716,2794,768,20828,9787,13164,63.64,0,0,0,0,0,0
KE023123,0.0,0.0,0.0,138,44,21,8,121,58,66,85.87,0,0,0,0,0,0,0.0,0.0,0.0,138,44,21,8,121,58,66,85.87,0,0,0,0,0,0,0.0,0.0,0.0,138,44,21,8,121,58,66,85.87,0,0,0,0,0,0,0.0,0.0,0.0,174,55,27,10,152,73,82,86.29,0,0,0,0,0,0
KE023127,0.0,0.0,0.0,2488,675,344,135,2066,1041,1226,75.76,8,1,0,0,0,0,0.0,0.0,0.0,2904,787,401,158,2411,1215,1430,75.76,8,1,0,0,0,0,0.0,0.0,0.0,2936,796,405,159,2438,1228,1446,75.76,8,1,0,0,0,0,0.0,0.0,0.0,3131,849,432,170,2600,1310,1543,75.76,8,1,0,0,0,0
KE023124,0.0,0.0,0.0,4521,1281,635,163,3696,1790,2378,69.8,1,1,0,0,0,0,0.0,0.0,0.0,4881,1384,686,177,3992,1933,2565,69.96,3,3,0,0,0,0,0.0,0.0,0.0,5010,1420,704,182,4097,1984,2633,69.96,3,3,0,0,0,0,0.0,0.0,0.0,9375,2657,1317,339,7664,3712,4929,69.87,4,4,0,0,0,0
KE041232,0.0,0.0,0.0,732,158,79,77,507,253,343,74.55,0,0,0,0,0,0,0.0,0.0,0.0,912,196,98,96,631,314,427,74.6,0,0,0,0,0,0,0.0,0.0,0.0,960,207,103,101,664,331,450,74.62,0,0,0,0,0,0,0.0,0.0,0.0,960,207,103,101,664,331,450,74.62,0,0,0,0,0,0
KE041233,0.0,0.0,0.0,978,209,104,102,673,337,463,73.53,0,0,0,0,0,0,0.0,0.0,0.0,978,209,104,102,673,337,463,73.53,0,0,0,0,0,0,0.0,0.0,0.0,1150,246,123,120,791,396,545,73.37,0,0,0,0,0,0,0.0,0.0,0.0,1150,246,123,120,791,396,545,73.37,0,0,0,0,0,0
KE044257,0.0,0.0,0.0,289,80,40,19,234,117,137,84.28,0,0,0,0,0,0,0.0,0.0,0.0,420,118,59,28,341,171,199,84.92,0,0,0,0,0,0,0.0,0.0,0.0,525,146,73,35,426,213,250,84.41,0,0,0,0,0,0,0.0,0.0,0.0,582,162,81,38,472,236,277,84.42,0,0,0,0,0,0
KE038211,0.0,0.0,0.0,0,0,0,0,0,0,0,0,0,0,0,0,0,0,0.0,0.0,0.0,0,0,0,0,0,0,0,0,0,0,0,0,0,0,0.0,0.0,0.0,0,0,0,0,0,0,0,0,0,0,0,0,0,0,0.0,0.0,0.0,0,0,0,0,0,0,0,0,0,0,0,0,0,0
KE006026,0.0,0.0,0.0,222,48,24,19,134,67,122,52.36,0,0,0,0,0,0,0.0,0.0,0.0,225,48,24,20,136,67,123,52.33,0,0,0,0,0,0,0.0,0.0,0.0,225,48,24,20,136,67,123,52.33,0,0,0,0,0,0,0.0,0.0,0.0,233,50,25,20,141,70,127,52.38,0,0,0,0,0,0
KE008034,0.0,0.0,0.0,4,1,1,0,4,2,2,94.28,0,0,0,0,0,0,0.0,0.0,0.0,4,2,1,0,4,2,2,91.94,0,0,0,0,0,0,0.0,0.0,0.0,5,2,1,0,5,3,3,89.35,0,0,0,0,0,0,0.0,0.0,0.0,8,3,1,0,8,4,4,85.7,0,0,0,0,0,0
KE008033,0.0,0.0,0.0,48,17,9,1,46,25,22,99.51,0,0,0,0,0,0,0.0,0.0,0.0,48,17,9,1,46,25,22,99.51,4,1,0,0,0,0,0.0,0.0,0.0,48,17,9,1,46,25,22,99.51,4,1,0,0,0,0,0.0,0.0,0.0,1199,392,206,28,1166,569,579,85.0,4,1,0,0,0,0
KE008038,0.0,0.0,0.0,4637,1604,733,123,4516,2017,2392,83.84,0,0,0,0,0,0,0.0,0.0,0.0,5520,1906,875,148,5411,2430,2817,84.9,2,2,0,0,0,0,0.0,0.0,0.0,6215,2131,980,165,6071,2723,3189,83.89,4,3,0,0,0,0,0.0,0.0,0.0,6504,2231,1026,172,6352,2848,3338,83.89,4,3,0,0,0,0
KE008036,0.0,0.0,0.0,4653,1567,768,143,4918,2348,2063,99.27,0,0,0,0,0,0,0.0,0.0,0.0,4658,1569,769,143,4924,2351,2065,99.27,0,0,0,0,0,0,0.0,0.0,0.0,4659,1569,769,143,4924,2351,2066,99.27,0,0,0,0,0,0,0.0,0.0,0.0,4902,1651,810,150,5182,2474,2174,99.27,0,0,0,0,0,0
KE039221,0.0,0.0,0.0,458,109,55,29,345,173,225,73.53,0,0,0,0,0,0,0.0,0.0,0.0,458,109,55,29,345,173,225,73.53,0,0,0,0,0,0,0.0,0.0,0.0,458,109,55,29,345,173,225,73.53,0,0,0,0,0,0,0.0,0.0,0.0,458,109,55,29,345,173,225,73.53,0,0,0,0,0,0
KE039222,0.0,0.0,0.0,665,162,81,40,506,253,331,73.2,0,0,0,0,0,0,0.0,0.0,0.0,795,193,97,49,605,303,396,73.21,0,0,0,0,0,0,0.0,0.0,0.0,795,193,97,49,605,303,396,73.21,0,0,0,0,0,0,0.0,0.0,0.0,795,193,97,49,605,303,396,73.21,0,0,0,0,0,0
KE046271,0.0,0.0,0.0,0,0,0,0,0,0,0,0,0,0,0,0,0,0,0.0,0.0,0.0,0,0,0,0,0,0,0,0,0,0,0,0,0,0,0.0,0.0,0.0,0,0,0,0,0,0,0,0,0,0,0,0,0,0,0.0,0.0,0.0,0,0,0,0,0,0,0,0,0,0,0,0,0,0
KE047274,0.0,0.0,0.0,0,0,0,0,0,0,0,0,0,0,0,0,0,0,0.0,0.0,0.0,0,0,0,0,0,0,0,0,0,0,0,0,0,0,0.0,0.0,0.0,0,0,0,0,0,0,0,0,0,0,0,0,0,0,0.0,0.0,0.0,0,0,0,0,0,0,0,0,0,0,0,0,0,0
KE006024,0.0,0.0,0.0,0,0,0,0,0,0,0,0,0,0,0,0,0,0,0.0,0.0,0.0,0,0,0,0,0,0,0,0,0,0,0,0,0,0,0.0,0.0,0.0,0,0,0,0,0,0,0,0,0,0,0,0,0,0,0.0,0.0,0.0,0,0,0,0,0,0,0,0,0,0,0,0,0,0
KE016076,0.0,0.0,0.0,879,169,84,90,526,262,465,54.54,0,0,0,0,0,0,0.0,0.0,0.0,1122,216,108,115,672,334,593,54.59,0,0,0,0,0,0,0.0,0.0,0.0,1122,216,108,115,672,334,593,54.59,0,0,0,0,0,0,0.0,0.0,0.0,1122,216,108,115,672,334,593,54.59,0,0,0,0,0,0
