ADM2_PCODE,ADM_PCODE,access_pop_education_5km,access_pop_education_10km,access_pop_education_20km,access_pop_hospitals_30min,access_pop_hospitals_1h,access_pop_primary_healthcare_30min,access_pop_primary_healthcare_1h,access_pop_primary_healthcare_2h
KE027144,KE027144,138301,234769,478415,396892,598193,299384,598193,598193
KE035190,KE035190,285482,493061,688305,648636,746661,641733,746661,746661
KE029152,KE029152,64061,98042,415903,323950,766612,229041,741345,766612
KE041234,KE041234,682287,944557,1008719,997649,1008785,668553,1007955,1011301
KE044254,KE044254,289535,479078,499508,457038,499508,440222,499508,499508
KE032174,KE032174,918610,984941,999146,995816,1003710,586759,1003710,1003710
KE007028,KE007028,41059,46537,47909,42568,51196,39573,47243,63093
KE009040,KE009040,247477,273968,279268,0,0,0,0,0
KE030159,KE030159,136764,206277,285216,238895,326136,268625,330466,378786
KE030158,KE030158,34359,81530,211533,171791,275144,127776,265783,362394
KE030160,KE030160,171643,218571,273501,140801,268785,172414,268776,423455
KE035192,KE035192,72497,371271,563932,558327,564972,498601,564129,566715
KE045264,KE045264,228018,737073,819121,819121,819121,787778,819121,819121
KE045263,KE045263,307558,459828,459828,459828,459828,446850,459828,459828
KE045265,KE045265,39987,319173,417793,417793,417793,409548,417793,417793
KE036197,KE036197,0,0,87197,606806,647483,0,322135,649010
KE036196,KE036196,51252,206307,594088,408210,653065,0,25455,667457
KE045261,KE045261,460559,601518,601518,601518,601518,556786,601518,601518
KE041236,KE041236,380914,656332,870632,551610,881889,0,739061,896447
KE046273,KE046273,157485,387538,428464,411864,429476,83129,406754,429476
KE040231,KE040231,346640,368373,370254,368719,377013,368258,372333,387243
KE039219,KE039219,262819,724689,985127,826459,985127,579664,985127,985127
KE004020,KE004020,438280,463160,492779,377887,608529,335658,610186,943067
KE035191,KE035191,103008,318302,801518,774066,844073,330604,844073,844073
KE037207,KE037207,574797,637351,637351,637351,637351,637351,637351,637351
KE040229,KE040229,11739,141238,586157,466149,592193,61577,592193,592193
KE012057,KE012057,280988,442845,540171,493613,549750,202142,541189,553731
KE012058,KE012058,146081,402319,577988,590718,661876,369193,635646,672932
KE001001,KE001001,500564,628829,628829,628829,628829,628829,628829,628829
KE036195,KE036195,51652,244083,799476,312641,933994,0,170438,971701
KE026140,KE026140,45577,245889,731376,476048,845179,377325,832164,987112
KE029154,KE029154,43203,175442,662289,326832,693700,207614,662958,748798
KE007030,KE007030,686682,920386,945318,659025,924746,1,1,2505
KE047276,KE047276,1240888,1240888,1240888,1240888,1240888,1240888,1240888,1240888
KE007027,KE007027,887070,887797,888009,884488,884854,844894,864132,888383
KE030162,KE030162,185839,370323,458917,352618,540449,328995,539838,553716
KE008037,KE008037,217751,228576,235387,168346,289854,146281,298824,387766
KE047284,KE047284,958341,958341,958341,958341,958341,958341,958341,958341
KE047285,KE047285,2839135,2912384,2951580,2951580,2951580,2951580,2951580,2951580
KE047283,KE047283,440949,440949,440949,440949,440949,440949,440949,440949
KE047282,KE047282,1033698,1041351,1041351,1041351,1041351,1041351,1041351,1041351
KE047286,KE047286,1166350,1166350,1166350,1166350,1166350,1166350,1166350,1166350
KE029155,KE029155,126031,287598,547095,137515,614756,4343,606970,618365
KE038215,KE038215,313066,379010,379010,379010,379010,379010,379010,379010
KE033178,KE033178,0,9583,312658,102653,313294,0,105239,548010
KE026137,KE026137,23530,101148,290759,232791,350571,132798,353382,408486
KE007031,KE007031,4522,81402,543820,183,472352,0,84,5562
KE040230,KE040230,222292,376826,426231,415462,438475,354933,430439,446602
KE014065,KE014065,231413,534118,640900,549369,703260,41630,388537,708164
KE004019,KE004019,298838,316948,429564,401508,583255,203327,576926,619467
KE003015,KE003015,97215,142755,308422,170865,552736,8086,213712,719620
KE004018,KE004018,132292,176494,207671,61007,208947,99769,260172,356066
KE021110,KE021110,203623,402754,648436,532838,657157,442626,598467,661947
KE022112,KE022112,295500,419292,436343,404122,436903,308538,436833,436903
KE022111,KE022111,467658,475751,476578,430035,477038,272987,477029,477038
KE041235,KE041235,400745,672740,778876,778876,778876,695827,778876,778876
KE020101,KE020101,24216,128757,828986,733834,975228,278261,972803,977696
KE032169,KE032169,511919,765616,959695,776246,996029,154272,948642,1015777
KE022116,KE022116,633841,641762,641762,641762,641762,622661,641762,641762
KE038213,KE038213,96640,505921,611330,594840,611330,576538,611330,611330
KE043249,KE043249,440413,543428,562813,554538,562813,546616,562813,563162
KE012052,KE012052,261165,600317,790548,0,519,0,0,820373
KE012053,KE012053,0,115623,581759,0,371,0,0,620595
KE012051,KE012051,343542,568707,664245,0,68743,0,0,706490
KE007032,KE007032,13533,16070,239817,4,208135,0,197491,279712
KE037210,KE037210,315380,474395,474395,474395,474395,469914,474395,474395
KE011049,KE011049,658319,670300,684336,522801,544087,0,502674,538762
KE011050,KE011050,176854,182342,327660,147423,175288,0,158118,206771
KE001002,KE001002,471078,556927,556927,556685,578534,556685,578534,578534
KE022113,KE022113,2316973,2422868,2456563,2428008,2460070,2355246,2460070,2460070
KE022119,KE022119,721675,721675,721675,721675,721675,721675,721675,721675
KE043246,KE043246,322311,492964,503537,501148,503537,496685,503537,503537
KE039218,KE039218,405850,776750,804733,804733,804733,736885,804733,804733
KE024131,KE024131,57,57,4277,0,4479,0,6901,65632
KE017085,KE017085,356002,439543,470300,234882,474606,196638,470164,494724
KE034184,KE034184,296884,351536,408602,356200,508513,259383,442255,656138
KE034186,KE034186,1079065,1207783,1370066,1139663,1449137,1070057,1327399,1621191
KE034183,KE034183,1511838,1515264,1515264,1515264,1516198,1515264,1516198,1516198
KE034187,KE034187,218394,394467,637668,526376,717987,0,2633,182426
KE034185,KE034185,462956,563466,698307,570890,787139,563227,777906,941752
KE003013,KE003013,4658,95290,446445,303153,695493,320962,624581,739241
KE047288,KE047288,972026,972026,972026,972026,972026,972026,972026,972026
KE021109,KE021109,226665,496808,649635,541046,649635,273649,649635,649635
KE039220,KE039220,902215,1243339,1308065,1306497,1308065,1284197,1308065,1308065
KE021104,KE021104,19301,122333,403311,393749,408786,164427,407339,409444
KE016077,KE016077,334666,340419,340419,337564,351745,0,341054,351745
KE024129,KE024129,404336,437586,499843,418731,480526,436545,514280,624932
KE027145,KE027145,563599,732458,827248,800649,827248,757773,827248,827248
KE043247,KE043247,469532,677711,716172,670402,729160,591738,721072,737372
KE047280,KE047280,3630892,3673194,3673843,3673051,3673843,3673188,3673843,3673843
KE043245,KE043245,362977,562848,573673,573673,573673,480039,573673,573673
KE016079,KE016079,396054,433537,433537,432439,433537,47871,433537,433537
KE028149,KE028149,129325,222826,335546,340943,399696,179964,392602,429818
KE028150,KE028150,35348,88286,231308,62142,365310,25649,364062,478439
KE027146,KE027146,407507,557563,716696,532497,800234,484903,795545,803092
KE037208,KE037208,378599,458915,458915,458915,458915,456309,458915,458915
KE022118,KE022118,1132765,1137313,1137313,1137313,1137313,1137313,1137313,1137313
KE022117,KE022117,588186,592741,592741,592741,592741,592741,592741,592741
KE047278,KE047278,667596,667596,667596,667596,667596,667596,667596,667596
KE017088,KE017088,76417,173898,455166,163995,526415,0,137,529484
KE017087,KE017087,19168,87168,407146,311852,526389,0,22375,535260
KE019095,KE019095,527508,712112,794975,456178,790847,419217,792051,804918
KE021107,KE021107,155981,499443,651538,391274,651384,306010,651963,652720
KE021106,KE021106,250925,561136,607377,607377,607377,603467,607377,607377
KE022120,KE022120,1117517,1119089,1119089,1118532,1121248,1118873,1121248,1122266
KE033177,KE033177,21970,126261,581450,405811,758166,288427,724765,1193904
KE003011,KE003011,845411,1117094,1289765,1212844,1350070,1180691,1304892,1374010
KE003012,KE003012,486743,714834,902486,732330,1019629,719378,1012358,1059274
KE047275,KE047275,926584,926584,926584,926584,926584,926584,926584,926584
KE017084,KE017084,115552,247599,477637,248367,515460,905,331698,530937
KE039223,KE039223,508706,717168,723566,723566,723566,17949,723566,723566
KE026139,KE026139,625069,981769,1078823,1058415,1078823,972824,1078823,1078823
KE002010,KE002010,232801,451395,925766,431553,1192922,334957,848720,1504385
KE018089,KE018089,477908,575756,576655,431972,578595,18989,578595,580080
KE018090,KE018090,311536,479388,542209,195487,557840,3198,303786,587495
KE035188,KE035188,7363,74374,408062,439479,586092,126656,580963,602392
KE035189,KE035189,0,9186,48215,129478,499472,0,323221,601331
KE020103,KE020103,428913,913915,958524,950268,961250,950268,959924,962507
KE001003,KE001003,847745,853016,853016,851250,864705,851436,864705,864705
KE042240,KE042240,727169,727169,727169,727169,731768,727169,731654,741022
KE042238,KE042238,1003897,1063949,1066732,1054352,1066732,1054362,1057145,1068317
KE042239,KE042239,612027,782594,794022,790986,792942,790752,792942,795266
KE015072,KE015072,170542,328318,452024,82982,556646,0,0,476038
KE015073,KE015073,68236,95184,216166,102933,365609,0,0,103092
KE015071,KE015071,53485,147366,339899,78064,372941,0,0,244143
KE015074,KE015074,19445,72822,311436,0,100336,0,0,19740
KE015070,KE015070,9685,115336,380843,263034,469458,0,0,470678
KE045268,KE045268,80765,338680,443777,443777,443777,415002,443777,443777
KE045269,KE045269,397647,541735,541735,541735,541735,462279,541735,541735
KE046270,KE046270,245428,681294,791158,791158,791158,103820,791158,791158
KE036198,KE036198,12895,38696,158665,365788,665422,99297,564012,695127
KE032171,KE032171,283225,526553,848023,732787,864491,453750,852469,866338
KE032170,KE032170,525028,711290,739607,500485,727543,719833,739607,739607
KE044260,KE044260,65980,270460,539187,73957,385683,62536,328243,546780
KE044259,KE044259,360648,729252,896584,811960,896584,639846,896584,896584
KE026136,KE026136,353681,643275,802523,497939,801981,432622,801498,888143
KE009044,KE009044,0,0,4206,0,107,0,0,0
KE007029,KE007029,169754,254179,264359,76621,151647,2188,117716,214116
KE031164,KE031164,306986,609723,1019790,683209,1184350,0,36996,1134920
KE031165,KE031165,106709,190272,278831,152184,201594,150640,189052,290604
KE031163,KE031163,330132,506593,626212,485652,665217,368342,647171,699164
KE010048,KE010048,122291,122538,132700,45076,132646,44999,132566,164425
KE005021,KE005021,0,0,0,0,0,0,0,696
KE005022,KE005022,77369,144126,212561,0,18032,301,110802,435488
KE047277,KE047277,1249657,1278037,1301555,1282812,1301555,1282769,1301555,1301555
KE022122,KE022122,511910,531095,541753,536541,546237,359542,545223,546237
KE001005,KE001005,1176413,1193119,1197327,1194037,1197327,1194037,1197327,1197327
KE037200,KE037200,330704,617212,721798,591519,721798,230944,717348,721798
KE022121,KE022121,678997,698263,698978,695294,703664,694720,703664,703821
KE023126,KE023126,38317,49690,71351,64791,91697,0,9278,27129
KE038214,KE038214,359263,455621,461478,461478,461478,461478,461478,461478
KE037199,KE037199,482542,612898,765143,482322,789676,33102,662785,789676
KE002008,KE002008,126809,269493,598301,381666,740204,60052,487650,801436
KE037202,KE037202,669862,805514,805514,805514,805514,802457,805514,805514
KE013061,KE013061,235998,373707,452350,425223,457818,239609,456608,468045
KE016081,KE016081,787121,863874,881035,845822,881902,231688,881721,883062
KE003017,KE003017,157152,290631,471720,356031,632727,406587,578693,925413
KE047287,KE047287,984408,984408,984408,984408,984408,984408,984408,984408
KE017086,KE017086,308647,516188,819184,549785,927747,304802,623980,1031279
KE037201,KE037201,502124,903646,1027667,1017842,1027667,651984,1026568,1027667
KE003016,KE003016,769087,862376,889674,811135,897991,839589,907857,989178
KE009043,KE009043,631739,639080,649660,600265,675994,0,0,0
KE009041,KE009041,13706,13816,16554,0,0,0,0,754
KE009042,KE009042,4817,92210,658736,658902,786749,86101,159201,955466
KE009039,KE009039,10837,114336,283612,7799,23638,7854,317760,437523
KE014063,KE014063,458492,622598,743170,734336,744045,0,693010,744706
KE021108,KE021108,284453,664931,816415,753954,826789,568560,798273,826789
KE028147,KE028147,17400,33121,49825,0,5585,0,0,103533
KE028148,KE028148,0,0,13970,12347,215755,0,66220,547259
KE016075,KE016075,75500,209383,445003,313715,558094,3399,98448,615914
KE040228,KE040228,128925,462086,688184,401974,700073,559058,693420,711639
KE047290,KE047290,596941,596941,596941,596941,596941,596941,596941,596941
KE021105,KE021105,104030,328338,441346,441345,442116,363886,441372,443137
KE019096,KE019096,597300,608085,608093,606795,608401,589047,608391,609170
KE002009,KE002009,513076,616138,758633,696148,931434,516226,710069,959519
KE037206,KE037206,238731,500231,748393,744568,753386,555578,753386,753386
KE016078,KE016078,561457,661954,711511,560084,716095,238160,693215,716095
KE016080,KE016080,1800564,1925167,1971337,1866416,1973232,1828221,1973006,1983545
KE017083,KE017083,618694,729854,793823,614040,812568,623525,816337,838057
KE030161,KE030161,176024,239178,305771,177123,322453,260366,360811,447169
KE027143,KE027143,255002,331979,599585,633243,809197,539539,776979,880331
KE032166,KE032166,457873,630175,680752,643285,697937,621496,689865,699254
KE029156,KE029156,21689,125589,616453,222514,725930,76367,705882,738411
KE010045,KE010045,326586,418864,539301,345709,383075,1608,15497,379465
KE002007,KE002007,637661,714570,751009,745206,751611,680007,751611,751824
KE039216,KE039216,435823,685585,807923,407100,796163,250320,714806,875088
KE042243,KE042243,119962,323757,596865,342998,632394,137157,629239,632394
KE019098,KE019098,324653,334510,337276,302984,337276,221178,337276,337276
KE037205,KE037205,554436,559331,559331,559331,559331,520002,559331,559331
KE037204,KE037204,362454,442559,447809,447809,447809,439979,447809,447809
KE001006,KE001006,547830,547830,547830,547830,547830,547830,547830,547830
KE016082,KE016082,619779,677360,700121,486361,720398,62560,575666,724521
KE006025,KE006025,280495,332147,382110,336941,378522,160100,361333,383413
KE020100,KE020100,129141,342221,792299,758585,792299,217281,773590,792299
KE015069,KE015069,62340,101352,194311,185012,264341,0,0,262366
KE015067,KE015067,39873,85610,232082,175750,480672,0,0,105726
KE015068,KE015068,221810,374373,536199,379335,554226,5541,73289,551876
KE032168,KE032168,775031,1251865,1431749,1390640,1550502,1301339,1537735,1589469
KE032176,KE032176,823050,835469,836543,834070,836558,747299,836558,836558
KE032175,KE032175,953290,969316,969373,968674,969629,952102,969629,969629
KE040227,KE040227,105410,204720,480646,259659,504611,206431,504611,504611
KE029153,KE029153,3406,23936,376833,0,455110,0,434432,521513
KE033180,KE033180,38767,143024,332275,70443,450391,13040,293012,540690
KE033179,KE033179,418538,560109,751526,684602,1054159,66773,380848,1136092
KE033181,KE033181,266693,431859,720248,109873,465663,6027,151840,763173
KE033182,KE033182,502904,629183,806539,69643,613806,385,37509,782801
KE037203,KE037203,487883,646791,655592,655592,655592,533261,655592,655592
KE018093,KE018093,246750,325791,403818,336896,422660,0,103576,429952
KE043250,KE043250,410685,828916,957784,881606,980889,285324,946256,1022848
KE020102,KE020102,321799,655064,694970,690001,695006,660244,695006,695026
KE013060,KE013060,239185,379318,541804,524841,563463,22084,501872,564901
KE032167,KE032167,534294,963389,1138241,1138047,1151700,1105865,1149958,1152987
KE010046,KE010046,29720,41255,58056,711,32160,2859,7457,176561
KE012056,KE012056,521253,642619,714967,709533,726910,478394,710539,726910
KE046272,KE046272,89617,401628,509481,509481,509481,408134,509481,509481
KE042244,KE042244,394030,626490,641372,640144,642248,609610,642248,643782
KE001004,KE001004,1427170,1427170,1427170,1427170,1427170,1427170,1427170,1427170
KE042242,KE042242,333246,569089,710372,699717,716539,469506,715119,716673
KE045267,KE045267,468281,800182,862126,862126,862126,484745,862126,862126
KE045266,KE045266,185011,486622,499106,491826,499106,107190,499106,499106
KE044258,KE044258,182586,348802,642188,612237,771069,243826,698101,783221
KE019099,KE019099,552405,567257,567257,567257,567257,561494,567257,567257
KE018092,KE018092,419298,591535,661819,626870,670994,0,270880,670994
KE018091,KE018091,185184,249782,259446,256177,261053,0,172574,261053
KE019097,KE019097,331596,345950,346118,341876,346634,101734,346483,346958
KE024132,KE024132,96301,143328,222537,133394,378110,151364,403222,691196
KE003014,KE003014,211981,428438,591658,498384,614286,472587,614286,614286
KE043248,KE043248,259726,440756,485404,485404,485404,333102,485404,489844
KE041237,KE041237,188738,452925,635572,403559,663708,0,480304,667583
KE032173,KE032173,338200,664537,780754,668620,815973,634975,777202,828172
KE044253,KE044253,516124,581278,581278,581278,581278,571016,581278,581278
KE047279,KE047279,2105379,2105379,2105379,2105379,2105379,2105379,2105379,2105379
KE047281,KE047281,540026,540026,540026,540026,540026,540026,540026,540026
KE022115,KE022115,1452148,1474566,1478010,1463157,1482989,1455036,1482989,1482989
KE014064,KE014064,274756,533946,590868,589588,592478,0,556170,592731
KE038212,KE038212,426563,508622,508622,508622,508622,508622,508622,508622
KE026138,KE026138,407171,633104,936574,885090,955779,625426,912787,960040
KE010047,KE010047,297295,347640,376529,395080,405631,7561,400158,411797
KE025135,KE025135,112121,116692,175065,117691,176311,0,267,89331
KE025134,KE025134,93770,99596,104598,90647,137984,0,0,0
KE025133,KE025133,26047,38761,288633,336349,448653,0,0,0
KE042241,KE042241,122467,433518,546704,540895,555506,434777,544273,570672
KE037209,KE037209,453386,512410,658825,627669,668739,599800,668739,669960
KE014066,KE014066,155381,266994,409431,370634,466091,0,44668,469519
KE024130,KE024130,322,626,6809,0,33191,0,55509,177659
KE035193,KE035193,101007,315510,523210,409340,549524,281564,549524,549524
KE039217,KE039217,141157,338375,517408,283733,519666,358643,519666,525126
KE036194,KE036194,27167,244187,824436,625124,912012,0,677674,912012
KE012059,KE012059,439252,702838,822329,818994,839894,792169,825159,849484
KE045262,KE045262,365229,636865,721021,721021,721021,619536,721021,721021
KE027141,KE027141,198967,403368,658070,553477,948583,413078,940393,955115
KE047289,KE047289,848699,848699,848699,848699,848699,848699,848699,848699
KE043251,KE043251,213918,334761,419357,373643,441588,361528,440485,454200
KE043252,KE043252,79553,175191,388346,307608,529425,156393,499728,538462
KE032172,KE032172,47890,175103,313494,296235,389842,392,321602,399571
KE044255,KE044255,350452,562824,576243,576243,576243,553656,576243,576243
KE044256,KE044256,214658,352973,663547,508322,684119,473729,684119,684119
KE008035,KE008035,74852,86163,93312,74735,113561,86821,123463,207882
KE006023,KE006023,313168,362292,396640,221855,375242,253957,366559,410685
KE040225,KE040225,155865,343248,591189,469009,598160,401374,593067,604977
KE040226,KE040226,61533,360372,678552,621584,709962,487178,700612,715860
KE019094,KE019094,304783,309561,310114,308007,309088,186184,308934,312033
KE013062,KE013062,27246,44373,112847,165876,410646,2127,116673,432801
KE022114,KE022114,1388103,1423622,1442990,1427341,1442990,1306409,1442990,1442990
KE030157,KE030157,15219,20084,25085,0,0,0,12317,169829
KE012055,KE012055,29487,74592,382498,71081,659899,0,149702,745999
KE012054,KE012054,19822,113205,467076,271849,548828,0,380381,549690
KE029151,KE029151,13039,79271,314575,1825,347754,304,187695,472776
KE039224,KE039224,145736,639468,977405,713170,985941,78631,976158,985941
KE027142,KE027142,772058,1041273,1199562,1104523,1199562,784382,1199562,1199562
KE023125,KE023125,642140,648982,653175,613046,624567,0,0,0
KE023128,KE023128,5991,7234,7234,0,0,0,0,5305
KE023123,KE023123,0,0,1374,105,2929,58,809,6014
KE023127,KE023127,114300,124834,143478,7822,130051,0,0,126891
KE023124,KE023124,684471,700049,716018,710352,719129,711009,719568,731400
KE041232,KE041232,261720,498567,615589,598666,617209,358875,617209,617209
KE041233,KE041233,346280,444780,452575,453187,457343,407039,457343,457343
KE044257,KE044257,302468,599803,654615,643190,657960,491939,649346,657960
KE038211,KE038211,354410,382684,393680,393680,393680,393680,393680,393680
KE006026,KE006026,306414,347736,415916,293877,430161,263342,399084,447567
KE008034,KE008034,475470,479119,479925,474324,478650,472660,475780,488099
KE008033,KE008033,200258,204923,225275,78504,182246,188673,322020,411616
KE008038,KE008038,576871,586511,653925,474299,507179,32425,138819,302388
KE008036,KE008036,176798,188386,199293,124645,212207,32495,106544,162530
KE039221,KE039221,320464,468032,473188,473188,473188,166929,473188,473188
KE039222,KE039222,299144,616614,709851,705484,709851,463039,709851,709851
KE046271,KE046271,335100,611709,618079,618079,618079,479798,618079,618079
KE047274,KE047274,869460,871206,871206,871206,871206,871206,871206,871206
KE006024,KE006024,145560,171856,187133,162733,194793,16951,174187,195329
KE016076,KE016076,268975,467644,647520,417083,716929,0,233593,723888
