ADM2_PCODE,ADM_PCODE,total_pop,female_pop,children_u5,female_u5,elderly,pop_u15,female_u15,wra_pop,dependency_ratio
KE027144,KE027144,172511,86768,19502,9668,4754,55142,27475,49861,53.19
KE035190,KE035190,217720,106490,23634,11593,5977,68249,33908,61369,51.73
KE029152,KE029152,219247,110492,24759,12221,8979,76565,37921,57182,63.98
KE041234,KE041234,284462,150506,33767,16634,15693,103918,51853,71846,72.56
KE044254,KE044254,138292,71904,18432,9177,4143,55430,27756,36083,75.68
KE032174,KE032174,288260,147743,34023,16824,9964,91006,45143,82489,53.91
KE007028,KE007028,66960,30527,9543,4422,1068,28964,12997,15567,81.33
KE009040,KE009040,180689,87652,36222,19076,1571,93506,46624,38227,111.06
KE030159,KE030159,107848,54106,13411,6552,4157,37974,18918,27971,64.11
KE030158,KE030158,121756,60951,16368,7998,6312,48017,23369,28263,80.57
KE030160,KE030160,123823,61504,19127,9381,3708,51991,25493,29365,81.76
KE035192,KE035192,164405,81806,17130,8451,4956,52830,26339,46392,54.2
KE045264,KE045264,231398,121711,24878,12453,9723,83604,41751,62205,67.59
KE045263,KE045263,129474,67797,14403,7253,5242,47828,23970,34386,69.46
KE045265,KE045265,117519,61919,12946,6404,4392,43378,21656,32060,68.49
KE036197,KE036197,185207,92248,22163,10884,5335,65387,32326,50256,61.77
KE036196,KE036196,187234,94733,24480,11872,5961,71653,34908,49380,70.8
KE045261,KE045261,170093,88848,18874,9451,5838,60847,30603,46872,64.49
KE041236,KE041236,255449,131242,31976,15988,8856,93086,46747,68242,66.41
KE046273,KE046273,123908,62776,12273,6074,4523,41796,20585,33632,59.7
KE040231,KE040231,115278,59645,13574,6765,4438,42663,21380,29394,69.09
KE039219,KE039219,272956,142378,34911,17617,9383,110595,55739,68591,78.43
KE004020,KE004020,453924,218797,71494,34344,9916,197086,93655,106496,83.83
KE035191,KE035191,241510,121261,27668,13703,7671,82996,41420,66335,60.11
KE037207,KE037207,178950,93760,20864,10586,8612,67268,33903,44458,73.62
KE040229,KE040229,164086,88398,20251,10137,7301,63726,32170,42038,76.33
KE012057,KE012057,164245,81837,15747,7817,7056,44607,22160,46116,45.89
KE012058,KE012058,200417,100126,18179,9009,12109,53093,26367,53216,48.22
KE001001,KE001001,186826,89317,20677,10151,2291,51584,25798,57734,40.52
KE036195,KE036195,272428,138916,34412,16953,8821,104318,51618,71808,71.03
KE026140,KE026140,278834,140988,34509,16800,9586,104877,51755,70929,69.64
KE029154,KE029154,215678,108953,24083,12025,6985,70133,34955,60310,55.66
KE007030,KE007030,310957,145508,44407,21105,4955,134495,61960,74219,81.31
KE047276,KE047276,363967,179981,41861,20844,4176,97949,49427,118717,39.0
KE007027,KE007027,246786,120124,36016,17720,4247,106760,51206,60646,81.76
KE030162,KE030162,159048,78643,19122,9278,5006,54366,26758,42448,59.57
KE008037,KE008037,150826,72911,22952,12336,1694,71011,36330,33536,93.07
KE047284,KE047284,278557,139428,33409,16519,1968,77581,38960,93363,39.97
KE047285,KE047285,861480,428178,102606,50944,4990,232401,116876,292625,38.04
KE047283,KE047283,127775,64667,15233,7533,1112,35987,18082,42785,40.91
KE047282,KE047282,304826,151297,35622,17680,2014,80808,40622,103656,37.31
KE047286,KE047286,339892,169176,40467,19964,2789,94200,47211,112760,39.93
KE029155,KE029155,177834,89369,19933,9932,6018,59400,29553,48491,58.19
KE038215,KE038215,107356,56178,11712,5876,6952,38464,19337,25780,73.32
KE033178,KE033178,150090,76501,21342,10538,3859,66481,32870,36237,88.2
KE026137,KE026137,140958,70179,19703,9766,3446,58099,28763,34325,77.5
KE007031,KE007031,245035,114761,34936,16624,3900,105951,48860,58527,81.26
KE040230,KE040230,128248,67463,15799,7967,5833,47891,24228,31939,72.09
KE014065,KE014065,209297,102301,20941,10302,9930,61240,30261,54687,51.53
KE004019,KE004019,222958,110885,36738,17994,5509,96974,47574,52837,85.07
KE003015,KE003015,208264,111404,30433,15170,8696,88526,44088,51177,87.55
KE004018,KE004018,129914,64470,21029,10163,3932,56372,27474,29752,86.63
KE021110,KE021110,194752,96811,19899,9803,11000,56568,28003,50366,53.12
KE022112,KE022112,128749,65106,12695,6242,7929,35892,17809,33731,51.6
KE022111,KE022111,141325,71411,13315,6629,9144,37977,18805,37108,50.02
KE041235,KE041235,218936,115028,25813,12894,12214,80525,40007,54521,73.49
KE020101,KE020101,294524,149154,24650,12425,16818,69129,34725,81748,41.21
KE032169,KE032169,294320,146259,33768,16661,9863,93344,46111,81129,54.0
KE022116,KE022116,190399,95675,18151,9006,10990,50620,25175,51345,47.84
KE038213,KE038213,174297,90243,18579,9340,10560,60546,30353,43115,68.91
KE043249,KE043249,157233,82471,20670,10208,4476,58794,29644,43916,67.34
KE012052,KE012052,261399,129518,30710,15125,9122,89385,44389,70030,60.47
KE012053,KE012053,196775,99594,23909,11967,7222,71040,35427,52494,66.04
KE012051,KE012051,206313,103297,23933,11989,6832,66655,33420,58630,55.33
KE007032,KE007032,155209,72448,22586,10674,2652,67174,30880,36602,81.78
KE037210,KE037210,134630,70639,14647,7273,7402,47402,23827,33944,68.65
KE011049,KE011049,258120,126983,39286,19738,6941,102710,51054,63520,73.86
KE011050,KE011050,223179,100032,31738,15180,4502,94497,43880,48347,79.72
KE001002,KE001002,169035,81983,20152,9873,2042,50101,25057,51830,44.61
KE022113,KE022113,719583,363104,81106,40268,9341,192993,96470,237623,39.12
KE022119,KE022119,212086,107690,22745,11157,5995,55037,27389,67489,40.4
KE043246,KE043246,139292,73650,17564,8810,5819,55727,27792,35589,79.16
KE039218,KE039218,224887,115604,28497,14193,7236,87850,44333,57246,73.26
KE024131,KE024131,142365,73636,28280,14295,3406,70949,36009,31641,109.33
KE017085,KE017085,144894,73705,13463,6644,8419,42911,21369,38424,54.86
KE034184,KE034184,218797,108188,33938,16614,4323,90822,44944,53441,76.95
KE034186,KE034186,485575,238628,58167,28878,5747,137610,68784,155350,41.89
KE034183,KE034183,441999,222943,49822,24487,7032,123411,61788,142718,41.87
KE034187,KE034187,249774,126250,37473,18712,6247,101322,50877,62434,75.64
KE034185,KE034185,301901,150292,45390,22329,6326,116766,57974,78135,68.84
KE003013,KE003013,204630,106774,28314,14166,8063,80490,40265,51908,76.29
KE047288,KE047288,286237,138407,33408,16420,3474,78487,39130,90225,40.12
KE021109,KE021109,190785,96085,19351,9608,13479,54525,27031,47987,55.39
KE039220,KE039220,369202,189401,45320,22699,9287,133177,67144,102634,62.83
KE021104,KE021104,122040,62056,11003,5430,10419,32077,15798,30261,53.42
KE016077,KE016077,104484,52470,9157,4477,6909,29087,14284,26393,52.56
KE024129,KE024129,244618,122339,41040,20364,5965,106060,52933,58448,84.49
KE027145,KE027145,240968,119217,26817,13269,4572,72404,36175,72858,46.94
KE043247,KE043247,207638,108524,25913,12929,9720,79169,39515,52538,74.85
KE047280,KE047280,1064198,538355,127152,62779,9406,301589,151413,354754,41.29
KE043245,KE043245,159028,84284,20400,10058,6079,61709,30876,42211,74.3
KE016079,KE016079,127077,64639,11781,5763,7723,37833,18528,33116,55.88
KE028149,KE028149,126280,62884,15394,7647,3822,43152,21341,34415,59.23
KE028150,KE028150,137593,67994,16085,7957,5338,47267,23380,35689,61.9
KE027146,KE027146,231689,115403,26352,13067,6323,75750,37534,65287,54.86
KE037208,KE037208,129260,68354,14384,7176,7781,47327,23841,31532,74.32
KE022118,KE022118,332576,169050,37187,18442,8276,87813,44124,107270,40.63
KE022117,KE022117,173162,89989,18422,9166,4404,44653,22506,57277,39.53
KE047278,KE047278,198280,96828,19971,9955,2667,52279,26442,62893,38.34
KE017088,KE017088,176277,88134,16982,8279,8703,56678,27878,46155,58.96
KE017087,KE017087,162260,81426,15601,7677,7256,50846,24981,44214,55.78
KE019095,KE019095,239670,120144,22973,11331,11850,65498,32429,64442,47.65
KE021107,KE021107,191834,96625,19044,9397,13539,54977,27020,48455,55.56
KE021106,KE021106,179876,90843,17247,8447,12843,48049,23696,46501,51.18
KE022120,KE022120,328884,167922,35280,17286,9214,86643,43124,105029,41.14
KE033177,KE033177,333497,167427,51102,25495,6654,144273,72166,81486,82.67
KE003011,KE003011,395993,202233,51034,25275,10854,138816,69099,110811,60.76
KE003012,KE003012,308584,157657,39051,19338,9247,108606,53895,85712,61.79
KE047275,KE047275,276577,137423,27169,13505,6477,65952,33194,89710,35.48
KE017084,KE017084,156965,77544,14455,7211,8912,45814,22764,40307,53.53
KE039223,KE039223,202454,104276,25149,12527,6235,78891,39599,51981,72.56
KE026139,KE026139,305270,156660,36776,18319,9354,110119,55343,81713,64.3
KE002010,KE002010,446701,231281,71784,35703,14470,193957,96341,110943,87.47
KE018089,KE018089,168461,85940,17753,8773,6710,52627,25918,46068,54.38
KE018090,KE018090,172229,87844,17590,8752,8331,53983,26687,45607,56.69
KE035188,KE035188,171053,85549,21398,10489,5492,61849,30544,44965,64.93
KE035189,KE035189,168150,84135,23265,11587,5176,66408,32910,41548,74.13
KE020103,KE020103,289955,146874,24244,12224,16610,68024,34177,80443,41.22
KE001003,KE001003,253584,125195,31023,15302,3619,76145,37989,77921,45.89
KE042240,KE042240,213824,109356,24096,12070,3012,63870,32544,68918,45.52
KE042238,KE042238,304780,154468,37816,18937,5855,100516,50824,90921,53.61
KE042239,KE042239,229081,115182,25885,12872,7904,76545,38443,62100,58.39
KE015072,KE015072,175722,89184,17302,8546,8382,51617,25563,49285,51.85
KE015073,KE015073,159960,82685,17437,8544,8176,57109,28339,41348,68.96
KE015071,KE015071,139975,70504,13628,6751,7543,44726,21967,36641,59.6
KE015074,KE015074,219029,113570,23211,11484,10718,81237,40206,56611,72.36
KE015070,KE015070,136519,70746,13943,7038,7577,43091,21337,36562,59.02
KE045268,KE045268,124997,66376,13711,6879,6150,45074,22403,33189,69.44
KE045269,KE045269,154833,79772,17271,8504,4440,51507,25820,44755,56.58
KE046270,KE046270,225852,118832,22792,11448,10246,75985,38060,62092,61.76
KE036198,KE036198,199558,97518,23252,11497,4972,70316,34870,53586,60.58
KE032171,KE032171,243342,121573,32199,15812,6995,94719,46873,61482,71.82
KE032170,KE032170,207465,102801,28086,13825,5273,81834,40335,52524,72.37
KE044260,KE044260,148787,76552,22478,11303,3591,65906,33119,36257,87.65
KE044259,KE044259,245911,126477,35604,18008,5029,103763,52378,63503,79.34
KE026136,KE026136,249639,126914,32090,16015,7908,96332,47857,63640,71.69
KE009044,KE009044,101277,51736,18046,9975,1225,48167,25993,23471,95.2
KE007029,KE007029,154696,68523,22039,9927,2473,66938,29177,34944,81.39
KE031164,KE031164,360929,180952,44927,22147,15477,124106,61212,92198,63.06
KE031165,KE031165,125774,62246,17402,8613,3832,45790,22544,32556,65.16
KE031163,KE031163,205730,102289,21620,10589,9067,59868,29420,55603,50.39
KE010048,KE010048,141963,70186,22770,11202,3747,64094,31567,32111,91.53
KE005021,KE005021,18857,8947,2253,1065,885,6263,3041,4354,61.05
KE005022,KE005022,166605,77897,20975,10245,5287,57427,28127,40457,60.37
KE047277,KE047277,387356,193914,37547,18599,7079,93709,46997,128997,35.17
KE022122,KE022122,159996,80676,16589,8289,7890,46491,23134,43176,51.49
KE001005,KE001005,347748,169396,43957,21840,4014,103926,52470,106756,45.01
KE037200,KE037200,204217,105297,23765,11802,7286,74899,37200,53115,67.35
KE022121,KE022121,207015,103210,21783,10857,7724,57909,28732,59576,46.42
KE023126,KE023126,149254,74004,21623,10723,4130,62415,30192,36474,80.46
KE038214,KE038214,131551,68160,14246,7148,8008,45700,22939,32175,69.0
KE037199,KE037199,221939,115430,26510,13350,7959,83809,42150,56589,70.5
KE002008,KE002008,267296,136418,41315,20531,9489,114472,56687,64785,86.48
KE037202,KE037202,233014,117802,25134,12547,7127,73859,37330,65687,53.27
KE013061,KE013061,139972,69488,12306,6123,9505,36350,18098,36230,48.72
KE016081,KE016081,262917,131198,24302,12054,12722,68798,34043,74110,44.94
KE003017,KE003017,293516,150363,41993,20742,10052,120460,60025,72809,80.07
KE047287,KE047287,293174,142932,30791,15011,3817,72881,36288,96340,35.43
KE017086,KE017086,303294,152014,27923,13775,16053,90421,44813,81077,54.1
KE037201,KE037201,288237,148668,34944,17464,10036,110549,55445,74087,71.93
KE003016,KE003016,280390,142446,35979,17787,7844,98338,48934,78039,60.95
KE009043,KE009043,204250,96999,32958,16202,3391,90383,43359,46734,84.88
KE009041,KE009041,198669,92729,33869,17316,2315,99815,47846,40345,105.79
KE009042,KE009042,290679,153522,55358,32081,3045,151835,84701,63247,114.05
KE009039,KE009039,131369,66744,27652,14769,1433,71308,37130,27244,124.07
KE014063,KE014063,223533,111860,20252,9953,10204,53983,26741,64648,40.28
KE021108,KE021108,242209,121674,25124,12564,13510,71022,35300,63178,53.61
KE028147,KE028147,121029,61099,17712,8866,5322,51618,25874,27793,88.85
KE028148,KE028148,170905,84876,23173,11473,5206,66031,32783,42686,71.47
KE016075,KE016075,178402,90198,18458,9127,9571,57436,28255,46066,60.15
KE040228,KE040228,203782,105006,24574,12302,6150,73272,37046,55100,63.86
KE047290,KE047290,176234,84624,20245,10149,1517,47773,24202,55963,38.83
KE021105,KE021105,130814,66551,12461,6161,10248,35665,17702,32729,54.08
KE019096,KE019096,182241,93233,15513,7624,13022,44404,21935,48957,46.01
KE002009,KE002009,270232,136642,35507,17551,9665,99687,49166,70838,67.97
KE037206,KE037206,208060,110225,26380,13448,7116,84299,42570,53229,78.37
KE016078,KE016078,211627,105026,20302,10124,9945,60702,30134,56608,50.11
KE016080,KE016080,586938,285442,64898,32001,6228,154201,76815,190083,37.61
KE017083,KE017083,244618,125475,22693,11209,15154,74326,36537,64138,57.68
KE030161,KE030161,126877,62543,17232,8433,4431,48035,23571,31693,70.51
KE027143,KE027143,254659,127139,29295,14596,6344,79264,39577,74797,50.64
KE032166,KE032166,201203,100734,24509,12153,6605,70334,34732,53107,61.91
KE029156,KE029156,210652,105890,24484,12141,7776,74517,36873,55426,64.11
KE010045,KE010045,189218,90491,31237,15380,4181,86752,42314,40628,92.52
KE002007,KE002007,218535,108192,26547,13050,6024,70248,34993,62233,53.61
KE039216,KE039216,283706,142599,40816,20440,7957,122314,60638,66090,84.9
KE042243,KE042243,179892,89998,21235,10695,6475,65970,33035,45203,67.42
KE019098,KE019098,100688,51015,8632,4269,8599,26084,12799,24501,52.55
KE037205,KE037205,156222,81711,18870,9435,5135,60746,30441,40549,72.92
KE037204,KE037204,125349,65824,15003,7485,4618,47331,23793,33059,70.77
KE001006,KE001006,179426,90999,16908,8245,6567,44453,22048,55082,39.73
KE016082,KE016082,214366,107842,18904,9294,13491,61272,29967,55020,53.55
KE006025,KE006025,114774,56325,11857,5935,6583,33596,16748,28329,53.86
KE020100,KE020100,236525,117853,21907,10753,9501,60450,29887,68899,41.99
KE015069,KE015069,151617,79652,17640,8730,7514,56520,28018,39843,73.11
KE015067,KE015067,201508,105687,24015,11926,10057,76868,38362,51938,75.86
KE015068,KE015068,174214,91315,19060,9351,8643,58371,28782,47842,62.51
KE032168,KE032168,462596,227969,53676,26394,10770,140119,69603,135745,48.41
KE032176,KE032176,241791,125241,27312,13475,4466,69419,34677,78387,44.0
KE032175,KE032175,283426,137340,33683,16698,3706,83410,41820,86120,44.38
KE040227,KE040227,140253,73921,17424,8800,4845,54699,27732,36683,73.78
KE029153,KE029153,149779,74164,17307,8579,3995,51253,25571,41086,58.44
KE033180,KE033180,154729,75752,24221,11916,3307,68093,33347,35873,85.68
KE033179,KE033179,345712,169096,52262,25815,6270,139228,68857,87084,72.67
KE033181,KE033181,293835,147649,49677,24830,6545,135210,67114,67767,93.21
KE033182,KE033182,316106,158796,53190,26301,6576,145220,71575,74193,92.38
KE037203,KE037203,181511,95319,22682,11297,6383,73694,36995,46199,78.94
KE018093,KE018093,126949,64711,12991,6330,7198,38835,19055,32530,56.89
KE043250,KE043250,278308,146246,41832,20859,9686,118671,59416,69521,85.6
KE020102,KE020102,207163,104851,18437,9117,10964,52771,26258,58303,44.44
KE013060,KE013060,166505,83942,16083,8007,9674,46314,22958,44912,50.66
KE032167,KE032167,327246,164915,40962,20404,11551,118004,58280,85385,65.53
KE010046,KE010046,191443,81458,22131,10594,4529,71138,33322,40962,65.36
KE012056,KE012056,216659,108267,20778,10321,9062,54454,27196,63512,41.48
KE046272,KE046272,144508,75213,15201,7574,5869,51691,25608,39307,66.2
KE042244,KE042244,180956,95502,21343,10705,9059,67899,33864,46243,74.0
KE001004,KE001004,420568,206773,46226,22953,6827,113273,56642,133340,39.97
KE042242,KE042242,202627,105877,23594,11809,8325,74213,36958,53522,68.73
KE045267,KE045267,248242,127179,26423,13215,8282,79421,39777,71345,54.63
KE045266,KE045266,141800,74558,14888,7295,6324,49575,24465,38400,65.07
KE044258,KE044258,220331,115265,32256,16190,6828,90512,45428,57440,79.14
KE019099,KE019099,169726,84846,16203,7880,6952,41170,20313,50442,39.57
KE018092,KE018092,195724,98494,20502,10124,8480,60228,29526,52192,54.09
KE018091,KE018091,75848,38287,8253,4059,3268,23613,11554,20322,54.9
KE019097,KE019097,103326,53357,9035,4441,7605,26194,12933,27284,48.61
KE024132,KE024132,272122,136966,48108,23709,6883,125703,62330,62558,95.02
KE003014,KE003014,173455,89366,21730,10799,7179,61847,30804,45652,66.1
KE043248,KE043248,135123,71826,17748,8730,5807,54921,27225,34187,81.63
KE041237,KE041237,188236,98821,22419,11234,9466,69433,34716,47979,72.16
KE032173,KE032173,238354,118862,28380,13997,7874,78764,38915,64670,57.11
KE044253,KE044253,161279,84570,21000,10505,4806,62862,31604,43373,72.29
KE047279,KE047279,612175,310558,71521,35668,5230,164800,83106,210146,38.46
KE047281,KE047281,157465,78932,18385,9174,1317,42662,21532,53093,38.75
KE022115,KE022115,432423,219740,49671,24549,4720,114892,57510,147061,38.24
KE014064,KE014064,177751,89006,15597,7695,10490,44394,21886,48162,44.67
KE038212,KE038212,145261,75948,15053,7607,9426,49053,24881,36133,67.39
KE026138,KE026138,273016,136417,35096,17312,6716,101702,50602,71883,65.87
KE010047,KE010047,122212,58637,17401,8672,3171,47853,23539,29347,71.68
KE025135,KE025135,102818,52301,16878,8362,2711,44880,22316,25133,86.17
KE025134,KE025134,112119,54333,18609,9179,2964,51340,24993,24391,93.93
KE025133,KE025133,217622,106961,33865,16872,5071,94963,46750,51168,85.07
KE042241,KE042241,161094,84867,19236,9669,8445,60030,29956,40615,73.93
KE037209,KE037209,190514,98808,20975,10512,9018,67391,33792,48437,66.96
KE014066,KE014066,135985,68990,14577,7194,6636,42970,21430,35903,57.43
KE024130,KE024130,142697,71027,26138,12943,4357,67306,33133,31255,100.89
KE035193,KE035193,156492,78169,18318,9037,4805,56914,28092,41203,65.12
KE039217,KE039217,145973,75035,18966,9510,5167,59686,29925,35215,79.95
KE036194,KE036194,258249,130452,31048,15335,7898,95174,47290,68317,66.42
KE012059,KE012059,253298,126217,23069,11539,14253,65596,32710,69505,46.04
KE045262,KE045262,202292,105632,22994,11452,7517,77587,38666,52591,72.62
KE027141,KE027141,272945,136735,32564,16137,8124,94389,46796,74479,60.15
KE047289,KE047289,258348,123208,23404,11520,3959,56972,28398,84541,30.86
KE043251,KE043251,148698,76551,19352,9733,4712,56881,28584,39118,70.71
KE043252,KE043252,150217,77324,21228,10560,4880,61051,30446,38337,78.22
KE032172,KE032172,114698,58000,13282,6479,5625,38693,18935,29161,62.97
KE044255,KE044255,159693,82774,21607,10833,4895,63287,31969,41493,74.51
KE044256,KE044256,187728,98083,27512,13752,4764,76103,38322,50128,75.68
KE008035,KE008035,73366,38124,13545,7670,818,36662,20067,16561,104.44
KE006023,KE006023,125179,59950,14564,7260,4070,39764,19721,32704,53.89
KE040225,KE040225,170897,88665,21445,10819,5607,65077,32875,44819,70.53
KE040226,KE040226,200913,104796,25200,12562,6414,76299,38430,53454,69.98
KE019094,KE019094,92992,47625,8114,4059,7693,23534,11616,23658,50.56
KE013062,KE013062,140238,72465,15224,7642,6278,47438,23779,38768,62.08
KE022114,KE022114,424234,213549,46667,22999,6602,110016,54924,139765,37.91
KE030157,KE030157,190324,92600,29963,14602,3093,89099,42680,43740,93.95
KE012055,KE012055,219289,111265,24948,12316,10265,77133,38326,56924,66.27
KE012054,KE012054,158012,81466,16191,8091,8610,51505,25747,42056,61.41
KE029151,KE029151,134412,65942,16668,8198,3893,50345,24877,34030,67.65
KE039224,KE039224,275942,142585,34605,17314,8617,107960,53870,69108,73.15
KE027142,KE027142,346111,172343,39899,19937,7821,111532,55878,99929,52.63
KE023125,KE023125,232659,115290,36715,18004,5798,94933,46639,58253,76.35
KE023128,KE023128,176715,78101,18216,8906,2454,66308,31168,41897,63.7
KE023123,KE023123,135571,67076,20910,10261,3357,58683,28374,32304,84.37
KE023127,KE023127,193561,94262,25534,13005,5110,78276,39437,46458,75.69
KE023124,KE023124,294351,141806,40181,19921,5107,115917,56140,74585,69.82
KE041232,KE041232,172659,92750,19865,9945,9853,64187,31954,43339,75.08
KE041233,KE041233,128397,68353,14638,7305,6957,46989,23652,32655,72.46
KE044257,KE044257,180916,93955,25119,12659,6035,75547,37822,44990,82.13
KE038211,KE038211,112712,58658,11646,5823,7147,37743,18905,28335,66.19
KE006026,KE006026,132875,65824,14701,7290,5491,38555,19268,36554,49.58
KE008034,KE008034,143044,66090,19676,9659,2362,60717,28864,32590,78.88
KE008033,KE008033,139699,66382,23696,12431,1596,65597,32740,30757,92.67
KE008038,KE008038,386603,174540,58736,27173,4467,169304,75790,90524,81.65
KE008036,KE008036,105886,48387,16288,7921,1454,50406,23849,22045,95.99
KE039221,KE039221,132849,68260,16070,8036,4506,51100,25575,33944,71.99
KE039222,KE039222,198590,102089,24710,12385,6243,77565,38821,50859,73.01
KE046271,KE046271,175727,91810,18786,9360,7455,60928,30412,47875,63.7
KE047274,KE047274,261781,131073,23748,11781,8048,58792,29519,84684,34.29
KE006024,KE006024,58064,28552,5576,2754,4021,16536,8171,13699,54.8
KE016076,KE016076,211808,106676,20600,10253,10876,63650,31705,56510,54.29
