ADM2_PCODE,ADM_PCODE,total_pop_rural,female_pop_rural,children_u5_rural,female_u5_rural,elderly_rural,pop_u15_rural,female_u15_rural,wra_pop_rural,dependency_ratio_rural,rural_pop_perc
KE027144,KE027144,64515,32427,7303,3620,1804,20683,10302,18573,53.51,37.4
KE035190,KE035190,5595,2759,608,299,162,1810,900,1559,54.43,2.57
KE029152,KE029152,15076,7561,1730,853,582,5325,2635,3919,64.44,6.88
KE041234,KE041234,66249,35055,7864,3873,3659,24199,12074,16733,72.56,23.29
KE044254,KE044254,12146,6316,1620,807,364,4871,2439,3168,75.76,8.78
KE032174,KE032174,9440,4811,1109,548,330,3007,1491,2662,54.7,3.27
KE007028,KE007028,31720,14432,4521,2091,506,13721,6145,7360,81.33,47.37
KE009040,KE009040,41162,19971,8260,4351,357,21303,10624,8712,111.06,22.78
KE030159,KE030159,53175,26662,6700,3274,2026,18922,9417,13725,65.0,49.31
KE030158,KE030158,74200,37141,9986,4879,3840,29301,14258,17214,80.72,60.94
KE030160,KE030160,88312,43877,13533,6636,2698,36878,18086,20989,81.21,71.32
KE035192,KE035192,7927,3939,852,420,237,2591,1290,2215,55.43,4.82
KE045264,KE045264,0,0,0,0,0,0,0,0,0,0.0
KE045263,KE045263,462,242,51,26,19,171,86,123,69.47,0.36
KE045265,KE045265,0,0,0,0,0,0,0,0,0,0.0
KE036197,KE036197,736,369,88,43,22,263,130,198,63.15,0.4
KE036196,KE036196,2779,1407,363,176,89,1064,518,733,70.94,1.48
KE045261,KE045261,0,0,0,0,0,0,0,0,0,0.0
KE041236,KE041236,134084,68884,16788,8394,4642,48857,24536,35827,66.39,52.49
KE046273,KE046273,13212,6587,1273,627,449,4313,2117,3582,56.35,10.66
KE040231,KE040231,11626,6014,1369,682,446,4302,2155,2966,69.03,10.08
KE039219,KE039219,2706,1413,347,175,94,1101,555,678,79.05,0.99
KE004020,KE004020,228986,110627,36034,17349,4989,99414,47350,53876,83.8,50.45
KE035191,KE035191,5577,2801,639,316,178,1919,957,1530,60.24,2.31
KE037207,KE037207,387,205,44,22,20,143,72,98,72.9,0.22
KE040229,KE040229,674,363,83,42,30,262,132,173,76.41,0.41
KE012057,KE012057,87599,43649,8293,4117,3779,23577,11714,24669,45.41,53.33
KE012058,KE012058,65662,32911,6003,2980,3844,17604,8747,17542,48.51,32.76
KE001001,KE001001,0,0,0,0,0,0,0,0,0,0.0
KE036195,KE036195,19278,9789,2413,1188,612,7275,3599,5112,69.24,7.08
KE026140,KE026140,30309,15319,3763,1833,1038,11411,5632,7707,69.7,10.87
KE029154,KE029154,32006,16163,3574,1784,1028,10391,5179,8965,55.47,14.84
KE007030,KE007030,63278,29593,9051,4298,1005,27379,12604,15098,81.34,20.35
KE047276,KE047276,0,0,0,0,0,0,0,0,0,0.0
KE007027,KE007027,13897,6851,2180,1070,299,6031,2931,3346,83.65,5.63
KE030162,KE030162,85628,42338,10313,5005,2699,29310,14425,22834,59.7,53.84
KE008037,KE008037,51657,24904,7857,4223,575,24214,12360,11508,92.26,34.25
KE047284,KE047284,0,0,0,0,0,0,0,0,0,0.0
KE047285,KE047285,14011,6941,1658,823,83,3751,1885,4752,37.66,1.63
KE047283,KE047283,0,0,0,0,0,0,0,0,0,0.0
KE047282,KE047282,0,0,0,0,0,0,0,0,0,0.0
KE047286,KE047286,0,0,0,0,0,0,0,0,0,0.0
KE029155,KE029155,11771,5912,1320,658,396,3933,1957,3210,58.18,6.62
KE038215,KE038215,0,0,0,0,0,0,0,0,0,0.0
KE033178,KE033178,12519,6357,1803,892,307,5490,2721,3040,86.24,8.34
KE026137,KE026137,35768,17831,4991,2475,889,14698,7279,8732,77.24,25.38
KE007031,KE007031,60430,28188,8615,4083,961,26131,12001,14376,81.27,24.66
KE040230,KE040230,9679,5091,1190,600,440,3611,1826,2415,71.97,7.55
KE014065,KE014065,172161,84116,17250,8485,8182,50475,24938,44902,51.68,82.26
KE004019,KE004019,94070,46715,15439,7558,2302,40908,20038,22301,84.96,42.19
KE003015,KE003015,197575,105660,28852,14383,8241,83925,41799,48567,87.44,94.87
KE004018,KE004018,116026,57576,18779,9075,3511,50339,24534,26573,86.61,89.31
KE021110,KE021110,58116,28894,5938,2925,3285,16872,8353,15035,53.1,29.84
KE022112,KE022112,1980,998,197,97,118,556,276,520,51.6,1.54
KE022111,KE022111,2468,1247,233,116,161,665,329,646,50.29,1.75
KE041235,KE041235,21693,11397,2566,1282,1206,7983,3963,5409,73.48,9.91
KE020101,KE020101,5798,2936,485,244,332,1360,683,1608,41.22,1.97
KE032169,KE032169,97720,48506,11194,5523,3314,31011,15315,26831,54.15,33.2
KE022116,KE022116,1032,519,101,50,57,282,140,278,48.92,0.54
KE038213,KE038213,2492,1283,269,135,134,861,431,631,66.48,1.43
KE043249,KE043249,11439,5998,1510,746,331,4302,2168,3176,68.07,7.28
KE012052,KE012052,33778,16630,4046,1995,1131,11753,5811,8946,61.66,12.92
KE012053,KE012053,12458,6301,1512,756,457,4490,2239,3324,65.85,6.33
KE012051,KE012051,14587,7312,1690,848,480,4682,2350,4173,54.77,7.07
KE007032,KE007032,46858,21655,6680,3137,746,20263,9219,11044,81.27,30.19
KE037210,KE037210,0,0,0,0,0,0,0,0,0,0.0
KE011049,KE011049,91776,44676,14654,7437,2438,38435,19128,21208,80.29,35.56
KE011050,KE011050,115115,51682,16370,7888,2383,48608,22752,24809,79.52,51.58
KE001002,KE001002,1042,510,127,62,15,319,160,316,47.18,0.62
KE022113,KE022113,117782,59327,13200,6561,1623,31668,15823,38555,39.4,16.37
KE022119,KE022119,0,0,0,0,0,0,0,0,0,0.0
KE043246,KE043246,3834,2027,481,241,163,1527,762,979,78.8,2.75
KE039218,KE039218,902,463,114,57,29,352,178,229,73.32,0.4
KE024131,KE024131,119788,61948,23776,12018,2866,59664,30281,26630,109.21,84.14
KE017085,KE017085,53232,26638,4871,2400,2839,15113,7481,14392,50.89,36.74
KE034184,KE034184,149281,73810,23138,11326,2949,61905,30634,36489,76.82,68.23
KE034186,KE034186,259977,127409,31461,15555,3650,76202,37990,80831,44.33,53.54
KE034183,KE034183,16855,8479,2027,996,289,5077,2536,5216,46.7,3.81
KE034187,KE034187,135877,68672,20380,10176,3397,55104,27668,33968,75.61,54.4
KE034185,KE034185,207972,103425,31815,15653,4427,81977,40684,52907,71.07,68.89
KE003013,KE003013,82628,43158,11482,5745,3257,32658,16337,20918,76.89,40.38
KE047288,KE047288,0,0,0,0,0,0,0,0,0,0.0
KE021109,KE021109,1593,798,162,81,101,460,228,406,54.37,0.83
KE039220,KE039220,3247,1666,400,200,84,1179,595,896,63.64,0.88
KE021104,KE021104,14672,7460,1335,660,1222,3862,1905,3665,53.03,12.02
KE016077,KE016077,2820,1417,247,121,185,790,387,715,52.8,2.7
KE024129,KE024129,122512,61250,20535,10189,2993,53120,26507,29258,84.51,50.08
KE027145,KE027145,52926,26219,5912,2926,1100,16192,8072,15770,48.53,21.96
KE043247,KE043247,21279,11126,2657,1326,992,8127,4056,5386,74.99,10.25
KE047280,KE047280,47526,24001,5732,2817,432,13784,6907,15605,42.68,4.47
KE043245,KE043245,13392,7098,1719,847,513,5197,2600,3554,74.33,8.42
KE016079,KE016079,17505,8855,1632,802,1016,5167,2538,4580,54.61,13.78
KE028149,KE028149,34648,17254,4220,2097,1049,11828,5850,9448,59.15,27.44
KE028150,KE028150,65232,32236,7627,3773,2533,22414,11087,16915,61.93,47.41
KE027146,KE027146,53310,26626,6127,3041,1650,18060,8919,14530,58.66,23.01
KE037208,KE037208,0,0,0,0,0,0,0,0,0,0.0
KE022118,KE022118,8287,4209,927,459,209,2191,1101,2665,40.77,2.49
KE022117,KE022117,13422,6959,1443,718,316,3475,1751,4459,39.37,7.75
KE047278,KE047278,0,0,0,0,0,0,0,0,0,0.0
KE017088,KE017088,167277,83635,16115,7857,8258,53784,26454,43799,58.96,94.89
KE017087,KE017087,140786,70633,13538,6657,6346,44206,21721,38249,56.02,86.77
KE019095,KE019095,167250,83922,15952,7873,8392,45707,22633,44838,47.81,69.78
KE021107,KE021107,11368,5728,1119,551,814,3248,1593,2867,55.61,5.93
KE021106,KE021106,35445,17824,3553,1740,2089,9506,4704,9552,48.61,19.71
KE022120,KE022120,28681,14673,3070,1504,819,7583,3773,9151,41.43,8.72
KE033177,KE033177,261398,131114,40259,20088,5108,113320,56695,63790,82.83,78.38
KE003011,KE003011,64048,32639,8211,4068,1754,22397,11150,17931,60.54,16.17
KE003012,KE003012,45351,23355,5844,2890,1563,16607,8233,12160,66.84,14.7
KE047275,KE047275,0,0,0,0,0,0,0,0,0,0.0
KE017084,KE017084,115765,57146,10555,5269,6644,33554,16659,29712,53.19,73.75
KE039223,KE039223,0,0,0,0,0,0,0,0,0,0.0
KE026139,KE026139,14491,7395,1768,878,426,5256,2636,3869,64.49,4.75
KE002010,KE002010,310958,161182,50950,25338,10045,137486,68242,76501,90.27,69.61
KE018089,KE018089,59642,30424,6268,3100,2370,18615,9168,16343,54.28,35.4
KE018090,KE018090,108855,55521,11107,5526,5338,34143,16882,28729,56.91,63.2
KE035188,KE035188,44419,22209,5564,2727,1423,16086,7944,11660,65.07,25.97
KE035189,KE035189,22196,11107,3073,1531,683,8771,4347,5482,74.2,13.2
KE020103,KE020103,899,455,75,38,52,211,106,249,41.2,0.31
KE001003,KE001003,2351,1160,288,142,33,704,351,723,45.69,0.93
KE042240,KE042240,69,35,8,4,1,21,11,22,47.46,0.03
KE042238,KE042238,1182,598,144,72,31,408,205,331,59.07,0.39
KE042239,KE042239,4121,2068,465,231,141,1376,691,1116,58.24,1.8
KE015072,KE015072,95419,48461,9300,4601,4708,28122,13922,26565,52.45,54.3
KE015073,KE015073,139716,72374,15332,7511,7145,50580,25106,35957,70.41,87.34
KE015071,KE015071,134299,67612,13056,6471,7224,42889,21064,35150,59.53,95.94
KE015074,KE015074,219029,113570,23211,11484,10718,81237,40206,56611,72.36,100.0
KE015070,KE015070,93796,48672,9585,4838,5197,29652,14684,25172,59.12,68.71
KE045268,KE045268,0,0,0,0,0,0,0,0,0,0.0
KE045269,KE045269,0,0,0,0,0,0,0,0,0,0.0
KE046270,KE046270,0,0,0,0,0,0,0,0,0,0.0
KE036198,KE036198,20478,10012,2405,1189,510,7259,3599,5482,61.14,10.26
KE032171,KE032171,68555,34242,9106,4470,1955,26810,13268,17287,72.29,28.17
KE032170,KE032170,77616,38459,10507,5172,1972,30617,15091,19650,72.38,37.41
KE044260,KE044260,14519,7457,2161,1088,331,6305,3173,3612,84.19,9.76
KE044259,KE044259,30199,15539,4376,2212,626,12719,6419,7804,79.18,12.28
KE026136,KE026136,24466,12432,3178,1587,769,9494,4717,6219,72.26,9.8
KE009044,KE009044,17892,9131,3184,1758,217,8502,4582,4146,95.05,17.67
KE007029,KE007029,57539,25488,8198,3693,920,24897,10853,12997,81.39,37.19
KE031164,KE031164,199908,99950,25510,12568,8615,70072,34509,50404,64.91,55.39
KE031165,KE031165,101487,50311,14646,7248,3050,38460,18901,25773,69.21,80.69
KE031163,KE031163,111253,55598,11381,5548,5418,32221,15751,29573,51.13,54.08
KE010048,KE010048,108896,53834,17483,8599,2876,49159,24210,24627,91.51,76.71
KE005021,KE005021,11526,5468,1378,652,539,3830,1860,2663,61.04,61.13
KE005022,KE005022,149422,69874,18826,9195,4741,51539,25243,36279,60.42,89.69
KE047277,KE047277,9998,4981,990,489,173,2441,1221,3316,35.4,2.58
KE022122,KE022122,19788,9977,2055,1027,966,5758,2865,5347,51.48,12.37
KE001005,KE001005,3092,1509,392,195,40,937,472,941,46.18,0.89
KE037200,KE037200,13263,6854,1541,766,476,4881,2426,3442,67.77,6.49
KE022121,KE022121,32320,16136,3408,1698,1204,8997,4468,9350,46.11,15.61
KE023126,KE023126,144587,71687,20947,10388,3998,60456,29245,35337,80.43,96.87
KE038214,KE038214,0,0,0,0,0,0,0,0,0,0.0
KE037199,KE037199,7180,3731,846,425,260,2661,1335,1831,68.58,3.24
KE002008,KE002008,180483,92109,27884,13856,6405,77257,38258,43759,86.41,67.52
KE037202,KE037202,119,61,13,7,5,41,20,31,61.92,0.05
KE013061,KE013061,24019,11948,2179,1084,1589,6458,3211,6222,50.38,17.16
KE016081,KE016081,94231,47258,8616,4263,5022,25362,12499,25971,47.59,35.84
KE003017,KE003017,173563,88970,25035,12365,6030,72049,35905,42638,81.77,59.13
KE047287,KE047287,0,0,0,0,0,0,0,0,0,0.0
KE017086,KE017086,259708,130310,23838,11766,13909,77480,38395,69405,54.3,85.63
KE037201,KE037201,3952,2032,477,238,138,1502,752,1019,70.93,1.37
KE003016,KE003016,32813,16678,4217,2085,922,11535,5740,9121,61.2,11.7
KE009043,KE009043,16078,7635,2594,1275,267,7115,3413,3679,84.88,7.87
KE009041,KE009041,38658,18082,6683,3423,441,19480,9357,7866,106.32,19.46
KE009042,KE009042,47850,25050,9128,5266,504,24930,13808,10320,113.47,16.46
KE009039,KE009039,25881,13089,5385,2871,284,13913,7224,5391,121.5,19.7
KE014063,KE014063,2874,1436,266,131,131,717,356,824,41.81,1.29
KE021108,KE021108,64775,32522,6719,3358,3604,18999,9442,16892,53.6,26.74
KE028147,KE028147,44885,22655,6570,3288,1965,19133,9589,10315,88.7,37.09
KE028148,KE028148,84951,42197,11541,5715,2598,32885,16329,21190,71.73,49.71
KE016075,KE016075,165407,83633,17113,8462,8871,53274,26207,42711,60.18,92.72
KE040228,KE040228,7731,3980,929,466,232,2771,1402,2092,63.53,3.79
KE047290,KE047290,0,0,0,0,0,0,0,0,0,0.0
KE021105,KE021105,6161,3139,583,289,499,1686,837,1524,54.95,4.71
KE019096,KE019096,9472,4814,817,399,749,2379,1166,2426,49.3,5.2
KE002009,KE002009,143669,72742,18908,9344,5264,53367,26304,37429,68.95,53.17
KE037206,KE037206,2117,1121,269,137,73,858,433,540,78.47,1.02
KE016078,KE016078,90961,45130,8760,4369,4205,26099,12960,24411,49.96,42.98
KE016080,KE016080,235235,114478,25965,12802,2616,61889,30828,76015,37.78,40.08
KE017083,KE017083,143829,73249,13209,6489,8847,42980,21038,37765,56.33,58.8
KE030161,KE030161,116801,57577,15867,7765,4079,44231,21704,29172,70.54,92.06
KE027143,KE027143,130523,65126,15041,7497,3229,40556,20253,38372,50.48,51.25
KE032166,KE032166,48413,24222,5925,2937,1574,16973,8381,12769,62.1,24.06
KE029156,KE029156,42779,21504,4972,2465,1578,15130,7487,11258,64.09,20.31
KE010045,KE010045,107904,51448,17254,8557,2549,49039,23984,22834,91.6,57.03
KE002007,KE002007,52325,25922,6371,3132,1457,16894,8413,14864,54.01,23.94
KE039216,KE039216,18766,9353,2854,1438,541,8228,4081,4208,87.71,6.61
KE042243,KE042243,67818,33900,8013,4034,2452,24946,12486,16970,67.78,37.7
KE019098,KE019098,6910,3503,596,294,567,1786,878,1710,51.64,6.86
KE037205,KE037205,426,225,53,27,15,167,84,111,74.71,0.27
KE037204,KE037204,283,149,34,17,11,107,54,74,71.15,0.23
KE001006,KE001006,0,0,0,0,0,0,0,0,0,0.0
KE016082,KE016082,182372,91749,16082,7907,11479,52133,25497,46809,53.56,85.08
KE006025,KE006025,71621,35155,7451,3731,4010,20991,10470,17806,53.63,62.4
KE020100,KE020100,69786,34716,6539,3197,2723,17870,8816,20370,41.86,29.5
KE015069,KE015069,146256,76878,17040,8438,7277,54700,27123,38353,73.54,96.46
KE015067,KE015067,201508,105687,24015,11926,10057,76868,38362,51938,75.86,100.0
KE015068,KE015068,150560,78955,16457,8077,7502,50418,24863,41327,62.52,86.42
KE032168,KE032168,120721,59496,14015,6892,2818,36606,18182,35398,48.49,26.1
KE032176,KE032176,5899,3057,664,327,105,1686,842,1922,43.62,2.44
KE032175,KE032175,12174,5903,1449,718,177,3619,1812,3662,45.31,4.3
KE040227,KE040227,9570,5042,1190,601,330,3732,1892,2503,73.75,6.82
KE029153,KE029153,19216,9512,2221,1101,509,6576,3281,5273,58.41,12.83
KE033180,KE033180,125595,61487,19658,9672,2680,55242,27056,29135,85.59,81.17
KE033179,KE033179,255208,124838,38552,19043,4642,102736,50809,64298,72.64,73.82
KE033181,KE033181,209734,105340,35399,17690,4655,96314,47805,48444,92.83,71.38
KE033182,KE033182,202234,101581,34065,16842,4185,92977,45821,47455,92.47,63.98
KE037203,KE037203,1525,799,190,95,54,615,309,388,78.11,0.84
KE018093,KE018093,101092,51526,10353,5045,5726,30940,15181,25903,56.91,79.63
KE043250,KE043250,125169,65768,18842,9397,4367,53456,26761,31213,85.86,44.97
KE020102,KE020102,47866,24023,4282,2129,2212,12394,6170,13705,43.92,23.11
KE013060,KE013060,64851,32557,6702,3331,3768,19997,9887,16889,57.84,38.95
KE032167,KE032167,52455,26429,6582,3278,1841,18957,9363,13673,65.7,16.03
KE010046,KE010046,123742,53128,14368,6882,2942,45912,21616,26785,65.24,64.64
KE012056,KE012056,33900,16984,3264,1622,1453,8701,4345,9874,42.76,15.65
KE046272,KE046272,0,0,0,0,0,0,0,0,0,0.0
KE042244,KE042244,23245,12269,2741,1375,1163,8721,4349,5942,73.96,12.85
KE001004,KE001004,0,0,0,0,0,0,0,0,0,0.0
KE042242,KE042242,53114,27786,6183,3094,2188,19453,9685,14052,68.76,26.21
KE045267,KE045267,0,0,0,0,0,0,0,0,0,0.0
KE045266,KE045266,0,0,0,0,0,0,0,0,0,0.0
KE044258,KE044258,165726,86694,24258,12175,5141,68091,34173,43189,79.17,75.22
KE019099,KE019099,15040,7520,1436,699,621,3669,1811,4451,39.91,8.86
KE018092,KE018092,102068,51351,10676,5271,4436,31401,15392,27188,54.11,52.15
KE018091,KE018091,51854,26176,5639,2773,2237,16142,7899,13889,54.91,68.37
KE019097,KE019097,2597,1339,228,112,188,663,327,686,48.69,2.51
KE024132,KE024132,218367,109935,38571,19007,5487,100935,50056,50207,95.07,80.25
KE003014,KE003014,15045,7739,1876,932,613,5329,2654,3979,65.28,8.67
KE043248,KE043248,6086,3228,795,392,265,2454,1217,1540,80.74,4.5
KE041237,KE041237,38444,20182,4580,2295,1931,14182,7091,9801,72.15,20.42
KE032173,KE032173,122579,61146,14593,7195,4103,40556,20031,33189,57.31,51.43
KE044253,KE044253,4405,2316,573,286,143,1735,870,1168,74.33,2.73
KE047279,KE047279,0,0,0,0,0,0,0,0,0,0.0
KE047281,KE047281,0,0,0,0,0,0,0,0,0,0.0
KE022115,KE022115,18801,9550,2159,1067,208,5007,2506,6378,38.38,4.35
KE014064,KE014064,18577,9312,1645,812,1119,4727,2332,4988,45.92,10.45
KE038212,KE038212,0,0,0,0,0,0,0,0,0,0.0
KE026138,KE026138,17876,8906,2306,1136,423,6649,3307,4716,65.45,6.55
KE010047,KE010047,42714,20495,6082,3031,1108,16729,8229,10256,71.7,34.95
KE025135,KE025135,68619,34903,11263,5580,1809,29952,14893,16772,86.17,66.74
KE025134,KE025134,81720,39653,13476,6654,2135,37244,18149,17919,93.0,72.89
KE025133,KE025133,125779,61820,19573,9751,2932,54883,27019,29574,85.07,57.8
KE042241,KE042241,14749,7720,1751,879,732,5423,2708,3759,71.63,9.16
KE037209,KE037209,8864,4593,979,491,415,3141,1574,2256,66.98,4.65
KE014066,KE014066,114707,58191,12292,6067,5599,36235,18070,30287,57.41,84.35
KE024130,KE024130,125020,62229,22894,11336,3813,58962,29026,27390,100.85,87.61
KE035193,KE035193,58952,29462,6912,3411,1816,21484,10603,15506,65.36,37.67
KE039217,KE039217,0,0,0,0,0,0,0,0,0,0.0
KE036194,KE036194,24589,12416,2948,1456,752,9047,4493,6506,66.25,9.52
KE012059,KE012059,32465,16226,2996,1498,1789,8580,4278,8940,46.92,12.82
KE045262,KE045262,544,284,65,32,20,219,110,138,77.86,0.27
KE027141,KE027141,31162,15616,3721,1843,936,10791,5348,8492,60.34,11.42
KE047289,KE047289,0,0,0,0,0,0,0,0,0,0.0
KE043251,KE043251,84063,43277,10944,5504,2664,32164,16163,22112,70.74,56.53
KE043252,KE043252,87307,44941,12333,6135,2836,35472,17690,22285,78.18,58.12
KE032172,KE032172,38205,19288,4434,2166,1799,12843,6292,9795,62.14,33.31
KE044255,KE044255,12576,6519,1718,862,386,5026,2536,3252,75.55,7.88
KE044256,KE044256,66224,34611,9739,4868,1667,26882,13534,17698,75.78,35.28
KE008035,KE008035,28523,14699,5212,2929,324,14211,7712,6398,103.9,38.88
KE006023,KE006023,61175,29224,7024,3501,2010,19189,9510,16014,53.03,48.87
KE040225,KE040225,5578,2894,701,353,184,2131,1076,1458,70.96,3.26
KE040226,KE040226,7593,3963,953,475,243,2888,1455,2019,70.16,3.78
KE019094,KE019094,3499,1795,304,152,298,889,439,881,51.31,3.76
KE013062,KE013062,140238,72465,15224,7642,6278,47438,23779,38768,62.08,100.0
KE022114,KE022114,44883,22366,4826,2386,1119,12149,6075,13685,41.97,10.58
KE030157,KE030157,159898,77704,25197,12285,2622,74865,35838,36675,94.03,84.01
KE012055,KE012055,49287,25037,5618,2774,2273,17383,8643,12837,66.34,22.48
KE012054,KE012054,40936,21117,4172,2084,2249,13336,6667,10886,61.48,25.91
KE029151,KE029151,52798,25893,6565,3229,1529,19833,9798,13333,67.95,39.28
KE039224,KE039224,6275,3243,779,390,208,2438,1213,1572,72.93,2.27
KE027142,KE027142,20353,10124,2340,1170,445,6510,3264,5909,51.91,5.88
KE023125,KE023125,62871,31157,9924,4865,1575,25698,12618,15717,76.61,27.02
KE023128,KE023128,173676,76759,17903,8753,2412,65168,30632,41177,63.7,98.28
KE023123,KE023123,115436,57134,17863,8749,2936,49969,24145,27461,84.6,85.15
KE023127,KE023127,85681,41705,11294,5750,2255,34637,17441,20566,75.61,44.27
KE023124,KE023124,84824,40868,11582,5742,1473,33412,16182,21491,69.85,28.82
KE041232,KE041232,19806,10638,2270,1136,1144,7342,3652,4966,74.96,11.47
KE041233,KE041233,3935,2096,448,224,215,1439,724,1000,72.54,3.06
KE044257,KE044257,38047,19765,5289,2667,1277,15903,7962,9452,82.33,21.03
KE038211,KE038211,0,0,0,0,0,0,0,0,0,0.0
KE006026,KE006026,80135,39696,8852,4390,3333,23280,11633,22004,49.72,60.31
KE008034,KE008034,7973,3723,1133,566,127,3445,1663,1813,81.17,5.57
KE008033,KE008033,34149,16254,5743,3026,387,16011,8015,7539,92.38,24.44
KE008038,KE008038,179679,80810,26992,12457,2008,77613,34517,42568,79.57,46.48
KE008036,KE008036,33318,15238,5121,2506,463,16025,7628,6824,97.96,31.47
KE039221,KE039221,0,0,0,0,0,0,0,0,0,0.0
KE039222,KE039222,3282,1687,410,206,102,1285,643,841,73.19,1.65
KE046271,KE046271,0,0,0,0,0,0,0,0,0,0.0
KE047274,KE047274,0,0,0,0,0,0,0,0,0,0.0
KE006024,KE006024,18338,9020,1780,880,1235,5232,2588,4372,54.47,31.58
KE016076,KE016076,185873,93614,18081,8999,9545,55865,27826,49586,54.3,87.76
